channelId,channelName,viewCount,subscriberCount,videoCount,uploads,videoIDs
UCbpMy0Fg74eXXkvxJrtEn3w,Bon Appétit,1806695724,6380000,1543,UUbpMy0Fg74eXXkvxJrtEn3w,"V1hN1ekwTP8,d8q6bC-pAF8,hktIRdd90g4,Jk90CG3WBy8,9Tc33xCppQo,kpMxAu0Z4AI,nADkm1GRYmM,-fBymc5rhOI,6F4NZrrP_QU,Kubkc6-lWMI,auAKqLwdpVA,b8WOul6xvc0,htoMZcPGeR4,qCVMqwEUtTc,g8RqHQKxl1g,aBky3gMiD6U,_ds8LINEokQ,a9zJFZeLbOo,tAZ_uPkqt40,lofKPYJi4To,E2g-QZG4Vbg,yLfnHL6oNXo,nRebRhmeMk0,Mnyw0Icz2d4,MX_8kaBydcU,bGMFXqd5xTM,FmdAVdPvHSQ,2HDdrYbVXTU,7upTPyRWmZY,734Ae5a9eDU,VTpu7_0vaGU,AdmfU3s_LNw,JZzgL6-rENE,IkZ7gD_CV0k,iLRU447RDFs,9u1e3JPlN_A,x64dJn1rf9c,p1NN-jCF9Hg,jsqmXVhjSdI,xqMKDiRH1R0,HJsx9MoqsKM,U42e0lLesms,TDQDs0qe9cs,5BjA7EJWNKw,MTbEoazlsVI,tot0YWgRn_w,JNQG3HRywRs,WVZCCCaacqs,GqM8zvpV7JM,oV2-37shWoI"
UCupvZG-5ko_eiXAupbDfxWw,CNN,14843457695,15700000,161812,UUupvZG-5ko_eiXAupbDfxWw,"dCgI8OoeZF8,LmVBYsZ4Cp8,gX_PhI5t3kE,5QqFweh3CC4,mzgcWRC-XmY,tmJf7cFKxik,8vcRh3_MeiA,RFuhdC-FoZI,dAUW_XftETg,QQE8xFhee0g,jwvsrybklf8,txWdiTQyW_w,NgKQlTcaOEg,-S-CE_zE5wk,3wipsTCKOSc,tlRBMKX3PWg,-nJ1csv3eX0,u1EYsf7b9_0,rlOLlJYnD_o,vqq1XO4aFjM,qdqqtQV5cMA,YZD1zpg9IZ4,DabsfBq4zHE,WNvowti4AAg,HnlI0ToSnro,KjA4Xz4bRU0,lGXgCyZvBzo,wWMB4FXNeI8,aCugwURWg7Q,Q0NQFeLzsd8,PGbUpo33Hvs,gji_20BZiDM,c3bTGgCfNyI,GrD5_VTzy5M,SR_EAWjPUM0,5PPA4qt0-nc,3YborCsNNTo,43exO3on0c0,zv2hjG8eRm0,9Pra0XtrEPA,6gpi9S7P_c8,FAPu4FLd2pk,bT08Rx1Oa5Y,Nnu2RRbiQOM,Xxha-gNzzts,6yPffnrBv_U,czQWZAaWlHA,OUWK4I_Vvuw,9Hh0yIQ0zoo,iRcw88_P3wM"
UC7_gcs09iThXybpVgjHZ_7g,PBS Space Time,428817752,2960000,367,UU7_gcs09iThXybpVgjHZ_7g,"5e83QRGoRCo,ZLrMwDD8u_Q,BUHW1zlstVk,npynpWkUSYw,9F3WRMlZEy4,uvubLp5o5Wg,zUhOL38346Y,H6OmgXi1C-I,byN4S8WDPt8,Bw8b9YV0EPA,sWNTsKX5H5M,TbzZIMQC6vk,KrRvJUZaswo,kQNqmUZrEOk,Ia2GwIpEdk4,QMFLcmsjOBg,83vR9omSahs,OvPmwVzrI7M,R-eIUxwcQo4,eVoh27gJgME,EGe5qvIzjTY,OV9MnAZLmMQ,SN8nTQiWOYY,E8hyodMhbRw,1lPJ5SX5p08,469chceiiUQ,F__elfR3w8c,wnqPqV6DdFQ,Q7_uDhJq4G0,eyn7MusdQ9g,le_ORQZzkmE,CtmBZ-S2R30,prvXCuEA1lw,uTrFAY3LUNw,US7fEkBsy4A,PHiyQID7SBs,4d0EGIt1SPc,RCSSgxV9qNw,kw-Rs6I2H5s,z2yLMY6Mpw8,y1px8hBl7zg,WfSZutedqIQ,WZfmG_h5Oyg,184eP_KuXek,JnKzt6Xq-w4,rQnNghhPw6o,wdP_UDSsuro,epSev7ovVew,v-aP1J-BdvE,e3jGWXeBtPo"
UCIEv3lZ_tNXHzL3ox-_uUGQ,Gordon Ramsay,3941028890,20200000,1585,UUIEv3lZ_tNXHzL3ox-_uUGQ,"UNW_RWcqZeQ,-4o1IUdTojc,dvepSlTZh1c,XyqzcfTWygM,Iq-Bl6R4qpY,BzB8MIJw5iU,dioeqMxdd18,qPnLBqigrRY,C-sBuUMX9AU,eq2EwEw_-Ls,Sq5PqycZw6I,zyB_1KfDbq8,oBiqsRL_dvo,BLx8ZewfzFI,yyAhQbmzUTE,e4q3MdQ6a4o,Ttt4JmHZacM,RCkqPb1Yjc8,B7yRT8eoSbA,RHbl_FFxMZc,rsD8MP8A_mk,KHu-k8DNKIk,0tENhYWab0g,7u3pq1ZUSa0,2QMyUjkTYqY,HTKN3R5g9AA,Z2q3IHHZqq4,0dt81tZdn9g,NePJ1nCO-DA,-T4YpYJj4FU,tKPUQSB5444,V3fB4b8YneE,EvIT4jBcb98,F28GbHsfcik,t456vj9S1I8,_P3mezN24do,VBEW3wCiAyQ,ZKgKcG1lSoY,3qAIMwCFjz8,w8JdwLzV3-g,VuSdvpevaw0,kTWpoD7Fbhk,FMHbVmDUmXo,zvzQ7Q3ZjQI,UvB86QkW7zk,VxCwWa2Np9g,c_97jHyjIJY,4a7tdXDvU9Y,58ykCztzjdE,_PB2C8ivkms"
UCeY0bbntWzzVIaj2z3QigXg,NBC News,6348059328,9070000,57204,UUeY0bbntWzzVIaj2z3QigXg,"GE4FXNDAxG8,TsjVbJH6KXI,NkIeeHYzNpo,ubderM7G4hA,kIT_mkeVay0,2r9QxJp_508,NNJIL0zKS08,aq67QbKwIyI,EnC09XapurI,GE5gk-0qW8Q,TwoGXhSAMqs,2_RhFeEA9ZI,C1a5NWrT6n4,p4BEkj4mv_c,6gbEP70qsvc,kCstIyK9-Qk,F45tPdYBgpc,2VnjqZPsVlo,btnvEr10dsU,HbtvnT-BMvo,GzDV98iy78A,ANf6Tapf3Wk,zzMnWQTy40M,LRC-SIADKHs,2pia7PkXTvc,Oap20XgEmF0,bg3Gl8jMwcs,YlcfDLL8aSU,Bnabw9asNkY,oXHngx99JjE,BZRXi-3i05s,sErrmG4N99E,WijyW-jx6b8,bOCx-YlI8s0,VTeASKOCudI,vix7EQ5jiPo,88LSjAKyDjU,zZGtLXxQhjQ,ilZfxd96T5w,hDUyqa-OKY4,OX0-PaSKUEQ,WCzJtDY5AWs,cJVhtH_bALc,ur9zdgXyOrg,zZa2GdXr5j0,HplcdnGjcEw,_QF1UNYWWuA,hPpzh0LyWj0,OASbvpfBSeQ,DChe-C0Nkvg"
UCiGm_E4ZwYSHV3bcW1pnSeQ,Billie Eilish,14184863896,48700000,77,UUiGm_E4ZwYSHV3bcW1pnSeQ,"0s4iFSbI7hA,CFPtKZ2jJLA,sOcH0GjO9o4,si324ldGs20,fwjSeWxToWI,HFCaXKxkhh8,wru6HFTY2ps,cNzH19D6s_I,vsyqua9MoWk,nWAEbsvfJ28,5g8snnQKFCU,L-pUXrRU7Xs,1CAUQN55vx8,-_aneXQXs48,tBYb1ir86mE,TA7M2pzGHco,e2vTv6dIvCE,5i5EkBWOC-8,Dv4BSdy_Hcs,-648PXv25Ww,zM5RmyBoq7M,bNZ9221zydA,3ai3pZvB5vE,goyFe9sMLQU,A4WSFJ-BxYA,wAm68ZIaHfg,dpnTd9Dx2OM,ZYCTAgFZ3kA,08K4_Fwhqgg,cW8VLC9nnTo,KNI70WWdFCM,jJcrkPCWuHk,eMD_XbJ1g1k,VpEITQDQRec,mDEiSrQ0fy4,pOX5Tdma0IE,LPY4jB2F9Go,P65tI0SOnY8,AlBc606v06U,UQphbBmXI-E,WyrZYGmoaFM,onT3z0lCZz8,_JGGLJMpVks,1TfDbTGTvcg,H_hgw-V-wBI,77UFV6FaDPo,-1U6jv6SzWY,h6mnfec7bTc,PebrOQm_SZQ,XPfW6mGx1SA"
UCsooa4yRKGN_zEE8iknghZA,TED-Ed,3755670961,19200000,2101,UUsooa4yRKGN_zEE8iknghZA,"LBALm7CeEG4,eBz7iUJu9UM,_EF4LXLxquM,TjPFZaMe2yw,e4Mj6wOURSg,RSbi3BC-N9k,JAyuHIthHco,2aEQDi2ZYCI,nLgt4Z5L8XI,V6rRifwIaio,PLmmb2f1fDk,ZY5PtopO-LI,MdM6osj5Jlg,YIYcrqBrq2U,Amkg1cdDCpM,urOkfsIRFlw,DgzxhDHjzms,wr6fQ4KpbRM,eY3_ZkQx5T4,eU2Efwlbm8s,YTAmyCgmrZE,mRa0Gi_mRjs,SYia4zqcE4g,LGpEbF4aZzs,iKYHf22qVdM,vc8UBSp1tz0,z-t-l8vjQQI,0rIjFCNay2Q,TyuGBi6joxY,Xn2H8oaeUgg,QF59xcceqrc,3GWqM-IoAgM,uDaFgNcTVSE,XLjdNXBZm3I,9sNpMb4M7XM,Ya9S6PyC1Sg,xDNzz8yAH7I,6LGCk08zMbg,kU8s_4HBG98,MF7EbUGlaOU,dhiWSsKUWEg,5D3hQS6ezXc,_XQTOuSw3d4,tJU3Q9nOPuc,GqZvqVfa1Zo,zpOoBtFNYuw,FBlcU4GdxCc,jDg8DQl7ZeQ,UsY-WfoKy80,wYQWh8VGL3M"
UCbochVIwBCzJb9I2lLGXGjQ,Rhett & Link,962213243,5060000,358,UUbochVIwBCzJb9I2lLGXGjQ,"WDTG3C7WFrQ,qANTqArg7DE,u27xck7C0Fg,N8H24r68Wt4,wCDdlt_rsZA,zWhTdQ3S11s,1rEroMYOJcw,s_KDD2YBn3k,XFgLJ2v7eB4,ZHh4lYwqSX4,mRzVZPQTiYo,qlnfU09h4l8,Pm61f0b2rec,fqia2YHB1Uw,7Rc6wAc5M6k,yMtYEoROelc,oD12nsmHibM,4lsvWiOb6oo,YAgiW7o6_Sk,fR2JCqvhXuc,AziHJWSyWkE,RiLQLIaZy4A,C4iygswf6us,p7fDQIEczS8,MDzgQOmHFXA,4ASbsgeF2Eo,uQK2eNTMXS4,jNZjHMU0yiI,W8Efo0XpHqA,x6-2N8XPYNI,DIsPAjsHIDc,XMzZO7GkGN0,9OXM3tZR6DE,suHdHxj68q8,7zaQaZy7B3I,0PxfU7bwh4g,UmxF8zNivmY,oyzf_esyO0g,wkdzAL4eKis,KrE6S47uqYM,cvcA8truev4,SzJYxMiOyO4,vIK2CYTS9zU,8Th9F9xUn5Y,gXKL4QR7w8o,vQEA5S4yvCI,uhKejRHODOM,fdf1AqxhVoM,agvt2eX-LZM,M2WTRqCu_DY"
UC91V6D3nkhP89wUb9f_h17g,MeatCanyon,1040521329,6360000,167,UU91V6D3nkhP89wUb9f_h17g,"gLusgWmu0Jc,EjuXQy1Iia8,1aqJzvXGu8s,rkMJCVjNtoM,3naNQulHmVM,Quhb0RMtfH4,C3mn6y2SR0c,vKLoV7Dhsc4,i6QxX83RdEI,Cc8MSB7rm7M,b3BJpO59F4g,T270v5VqfUI,kOSj5VSnIPA,M9Py_74mIhI,WIaV8IpzmxI,UFH1slEVeBk,Y_-GmJONl6c,1NzlCmr-nB8,Uig6djcy73c,m-0LNM7bsZc,KlWqqsmsks8,S3UFYROnTbo,5eI82NoasTM,3VRKJthNmWw,pqyhkMPFQqM,hGkvTFJENOg,1TrgJOwDzxU,Rwsqb4B1lKY,ZXsxj0_Vpis,GsrOV1Hw2nU,V8H2ETMpRFw,LBu1SKDNMEM,M-9USB_bcJA,C11FmkupWjw,ULc6z3EsXUs,yJZmY6mmnDE,VhgLyvP0Y5A,BJfEcPp2H6Q,iyHhbdOgxxQ,Z8KxE8iFhHI,2_a-CKrx4t0,Rp9fZGqG0Qo,2fDVXFlHtdE,B909vHT3wPM,lcrhgTWf02I,PZZjqcqkKtY,FgwfObY-WDQ,ZNJ2HLwEAJE,STMhBkjVBHs,61XieaDjy-Q"
UCo_IB5145EVNcf8hw1Kku7w,The Game Theorists,3871569483,18000000,644,UUo_IB5145EVNcf8hw1Kku7w,"YEe5ECbD1eg,ILFfj2zYwHY,Tqqsb0X3yHA,sop-IUjuRXo,Z9MP-Wh_Ips,gdrKuYwsq8s,gk3t-2GRD5Y,erPXjhwOH5c,vftqhmYoP-s,NREPxcpwGH4,lVTfifC0v-c,cQZBxqmKLYs,3XhQ8ATKPlc,F27h2JjkEPw,ndWWFXLj83w,Yh7pzqz5nE8,B4eF8n5FODM,x9QQmSj-Fpw,NwNz--ZCGs0,pHC2GAVccu4,hfy6X1VYIZI,d-mwOulfZ-w,tZkK7DdKD9I,cB6GMx3vW6A,lU_HMwOjgs0,4gWI0wkTpmc,ShNm4Vdsvzw,80CyuNEVgrw,vtPHHbeL-h0,oYNQO1mSzc8,wq1FgZy1LzE,kRsAOW2zE20,_G7PgI_2NKU,FaevWeQqBy0,scfWhZMgABE,WJlrwyNDjgY,yXjSnZb0eqY,kaKa6bnoXa8,sXbQoZnaNXY,LDF0ILdSyAw,zg-S-uflkz0,19IoUxjLswg,r1kyZ89EyIE,3dlcRz1vJ0g,0h-bNCw4Pyc,a9CUcy8HgKs,e5qbZoNNzts,CduxF1GQ1tI,Ay6J7rqFbKo,qGJLTDxnMs8"
UCTSRIY3GLFYIpkR2QwyeklA,Drew Gooden,797639776,4070000,147,UUTSRIY3GLFYIpkR2QwyeklA,"_9Z05Ik5r2U,HrjB_QYVGp8,Xc4YH0nv_90,DVa4tfzpZ90,6HEheIozS5c,5CRD9pmqa7s,iC97eT8W3Xg,wJRTM36jANc,gKgSvAyPFlU,Ws_YyegWGKY,caVoqAfdkYQ,sL-PL1hpnM0,YZDFAmaaa6E,BaVpeJlcQzg,k9J4H5gkLqw,1NEseESJK_4,28k53NsAcVg,x43XZudPuEQ,WbAuL4fg5LI,opHii8PBrQU,3HFi09o_iLU,ZteAovHJllk,kVNl1P9StSU,_lh-fm2vl_0,WU-7kn8EXWA,G_FUmf0T8YI,97Z3qSSbwkY,jygerYwwFwg,VpVRjP3I2oI,UTHKgVPZ-is,Ks5rAUSAiPw,uxo8kHgqYYg,OrgXCNzdkwA,vhuSnVFMDHk,AGjxX4gvaqk,8f-YvNffXb8,Xq45598A7Vc,waZyyWnNJ_Y,nXKbdG2qBJU,RXrK6t-Yzaw,ycdNmAGk2PQ,BfzXLjK6Pno,YAvs-RqTIhk,itWEMxATuJk,0EX3l7K8VMY,e0ClxU3uxQI,hsMujJYPagQ,WAsFLsG0qPY,OebE2GYtFkA,aSZrpi0wbPI"
UCoLrcjPV5PbUrUyXq5mjc_A,MLB,4435772993,4740000,291015,UUoLrcjPV5PbUrUyXq5mjc_A,"KKOAUFJp7tA,-MMT7s-dnE4,tXBpVKj_nek,JpYhJN1MJ_M,sGRvYMF0d_o,RKTJfBbDXu0,AF3MPxSFqRw,WpRDCFEMyJw,5EP5zVHnXJY,1XCYUbUpHpU,CZOY-x-rltA,a4vmEpHfBAk,IIZxDCYloVs,rb_gJKoytmU,66toTA8SkfU,irShtpHm1eU,WZV2z3pvPtY,lz3-s5Jk9uM,Jn864tDGs8E,HlRHLLMJojE,M8Zag4KlRPc,KXco2Up4_lY,r-h-FNLVb0Q,DZXyP0iFu00,IplPPQ9AG3M,897n06gs7eY,-PXRHmBZkz0,J7f9rtlwJV8,Fa--z4bRoUQ,ewyCg_lvL4E,LqC6qrx4dns,3lyhHx18G7k,X9BITbgi6cI,WhgRrfNSJHE,P7Ep4hjd760,-gxO3GfWrNo,TbuIWP0rTqU,bBsiH0oHyi4,mb4NWa9o_uY,jq0Z5uPh8To,nk3k5ZJi4bg,GziuESakeLE,20eND0J9wKo,j-drHtYKios,yLiycZb22PY,octW0ou7G_I,Xzwq2WNQUvw,BtLAVfJvdIE,R2jgp4D5g18,KgxAL2GywFc"
UC8p1vwvWtl6T73JiExfWs1g,CBS News,4621122530,5350000,115284,UU8p1vwvWtl6T73JiExfWs1g,"GDJpaTbqPO8,YJf1UGnAAJo,6KhLpXjLP58,ujqUNA5pqNM,92HlaEvLmgM,XJxWWZgkKRQ,MuyqWhbRyXY,FavlEj4ACPM,BkNS7dl8RuY,BibOzNCx9uE,inKf0LiGVOM,jPNl_AjiA6o,Q6LUiL6x_PY,VQRflQsikTM,PEl8ktNUxac,6L-1aVKXamw,9ncf2ZDu-YU,mDR1KLEv8w8,eLCtq1CLDDc,_vl-wH3xoCg,yZoxWYG1VYo,3NlF_asfdm4,BaGYH4lWmTQ,MC1Nv_5KtLw,btsZOFmeKY4,Ag-Ch5rUWlU,jCGGFidIt7s,1GzeQaiWO3c,IPpDWGzoQMU,P4Fbx09qHG0,PUHHhEETxqQ,lOkTVn15tnk,8GKNXjxvur8,AtQ3S_2fsKY,3H_L7iPEEgg,W5m_9-Fi0y0,AG-OqgQ7RBY,-fDAAn6DiY0,AWvZfBENJmk,2YXAcr-X1pA,GwWAo1teeMo,AVH2oYN7OM8,70WkpFPSRJk,wVM9jX9M7kM,6z1nIeiPrrs,TKWCGR7Kz94,6jyha5I_SOc,aBmgParyXNo,Om-NIqO7fBA,ivT_4Lla8VU"
UCSUf5_EPEfl4zlBKZHkZdmw,Danny Gonzalez,1466205825,6310000,280,UUSUf5_EPEfl4zlBKZHkZdmw,"scg2kU1pHc4,t_bFzKZcPNg,1fIRv1mG3DY,7Mjt88HIXZY,mShDN5QxcMM,G09W3NwwAVs,-R36NON7a2I,ZdcjEIaior0,m8LBvGX2hCQ,smmnfFfJS7w,kEnh_5z4I7w,EuISxGGBflY,6sh2Ib3DklI,_tgGmYerbB4,zCoMjByGJZw,H2fHTJZqaKA,uubMLkM5L9E,KXDWjYWlqpQ,AivQBXds-r0,lDkGLFGbTsE,fSlAuweAhsA,2SKUPy0SlHQ,ypoP8LE-oMQ,My-wATP3kLE,GGGlbe2y5jE,DUqcrdEZopY,aDtnSrGq9dM,cKCQUbVx4mo,38ExeUlbH2k,vlT3zUrRT6c,wUSKQ08A7UY,O2Fft4QLDbU,Hyd5T_I1Qvk,5zZk0NPxiGM,0NYEVhcm6i0,_8bzFEBTTvI,H1tQhK0n5Qk,iji6xzorcqc,fkrE5J1qZ-0,Ud6JonLO29o,Q3tSVS4CeW4,iO8la7BZUlA,tt-BXsEehnA,qa66sMRh2MU,SpmHLq-LP58,lbRXd3KAEGk,QBZHTAa7vfM,w_6HHWCdl7w,_OKk0wFojB8,Cf9yxV1UG60"
UCxtLc0Jqq3SKBWlIXM_OC9g,Hongyu ASMR 홍유,5275752650,15300000,668,UUxtLc0Jqq3SKBWlIXM_OC9g,"L6T8molcN9g,H4OPvKWuPqM,21YGd0KAZk0,WNYHiUBkpFA,d_A6CzdlAyA,UC6U2VOAVLA,EMk15LhAvBs,mnY5O5vC_q4,BBycTSz_Z6g,zqsR_BJ_4vE,QvKS5HI6bX8,6N1I5SPVdqQ,v5ea8gw8cCE,UaJTx_Y5ehg,Ei2elLJlacE,H5KEGcgKe_g,cqvH5nzg-jY,dXK2DPYepqc,uWSD9WjibR4,-S8hM82eN2w,WcjM-GkAWb0,OwowtMYy4Dg,fkuX7dhBwOc,B_hOpOoseUE,nXXll4eEQag,b-B8-Y1B1Ao,1MU1WZjx7Lg,KaHdg1i4SlU,_puctSnYM9c,OWAGBoZViMc,hzRcbot1UDY,f957TBzSIbQ,oN10-Dxb0tE,KlrAnhbm6oM,corvpQgW0eI,Yt0y-_9GxL8,XXVBBk0P5Ko,g0_wVhHcFag,50NFcu_2F5A,QF2ll_-gffM,mYo8vUIxJZU,D_K6iApOxv4,XlcHlaa4o48,oREFrHRKLcY,_98-2sBXGds,OKkkae24_tQ,wU21oR8tGVk,9hYJT5_1Cz4,m5nb3i0zb4k,2xYORWj97CU"
UCq6VFHwMzcMXbuKyG7SQYIg,penguinz0,8340302928,13900000,4794,UUq6VFHwMzcMXbuKyG7SQYIg,"YvtJ_7TF7uM,wgZO-VcRiKM,BWamjrom2ro,KeUYSAs9ARQ,VivtJ6lCv1g,LFHwqQno29c,S3Bx5l0PX1Q,R4FRyQJChbM,rMwP0diw9vM,q0PF_jRy4kQ,kB7lNkyZbYU,uAs0o4vFQKs,ToH14OiFhnI,ddsl46PBq08,Xhcozpg_tl0,GBPRwDSgqyI,wzUfUaAV_pQ,touL_nKxp5A,xcldn8Fpx1Y,YmqiWrn0g3k,HUyrSBs6KRk,pQavdTKGDvM,Gqb5hL8VrOk,nh3tyMBg8zk,aecnWEbm3Zg,EiAHVk9wlMA,YhNfH11KVJ8,T3l_ICWEn5o,bz-H8Rq3UQk,2pZgnaRq9eU,YxStSmMWwEQ,ahjUOTaEFGA,fITZfWXwxv4,g8GASxnz9V0,mxjfmy1rJv4,ItC6ZwsT5Jo,TpCeUyy6264,05pV1Zy1lBk,vDgWIgTzu78,FVe-87qMFzM,hq53nLpM4BI,9aHLmSWcyWc,SgeT1NJfYaU,Ajz-iylNBDw,Y6tDkrxOXr8,IQZzc0oQsFk,SlqPpFQ6rmQ,b1Lbhlb8290,Zr3ZOEAzewE,KGqcHhCeOKA"
UCJHA_jMfCvEnv-3kRjTCQXw,Babish Culinary Universe,2635993973,10100000,671,UUJHA_jMfCvEnv-3kRjTCQXw,"NhnMX2dIrsI,Ubj0rdvdpqs,QsMNoGvPAJ4,XBNrb9HFpII,jHDrv64NK2M,CjrFY616svo,a_RooFHWgjI,-hePdX-n8w0,fSynvv8yjbk,e7XnRzXj6zw,Nne4vRy0DCE,3SVHep7eZwQ,tGEzJTdZ1xc,CFkVS9vhIQY,Xfh8Vi-wE-g,5PSsDzPoJyQ,L7sUsGQpDVI,7Rp3etXNy3c,xLDwcymlhsk,RcOAtrUdwmU,MsJs3rq2keQ,v-uQOBC3IOY,FTWrSPJbhpQ,v0x__J11_t4,tVmhieZDmdA,YBbweE6O-Z4,n5hGWOAN3So,mhLM0FUlhJg,FMXVW_ObgR4,CYEFR_kg6Us,fLD2WXPhUQ0,R82i0ufT5AM,b4774h94RUk,GymqadVYSXk,Ris0udk2C84,sbic38T-d28,3dU8FaZSvTg,AHiIznBNdIM,mXtKxjyfRFU,CofpcrSyCPg,SRadZkJOc6U,LFzKMgYpnfU,sf4AoqBnSKI,hq2hRMDYKWQ,hdOjA_ydcR4,VYDvTNToe3M,CsrHrTYwrzM,QUB7xXizOGs,eCnBX0GlRbA,fMt2ca4jdY4"
UCDWIvJwLJsE4LG1Atne2blQ,h3h3Productions,1363063323,5960000,275,UUDWIvJwLJsE4LG1Atne2blQ,"OCjN_yBkyDk,nbHGAu9Kn_c,gF-XOv6ajyY,DAUqqz-xaJ4,w3gXcIifc3o,i3H136iSDu8,Gld72uZeKAc,TBql5f5ipDI,jLIPA621fQI,jrHz8Bti6FY,JNpKUp5FTeY,OX_Bini29kU,gUU1HOj7o2k,S9rw7H6Guc0,Mtl-Lc1y4YU,CiHUcQG7bH4,AU4fXUVd3o0,IKjK9_pTjYk,yRXWYrgoHg8,Cylt4QXHuaI,BuEgzFAM6Es,HE2Jg3GXH6Q,jw7LD2-gg14,3ewyEF3Wd9M,EtgxTKuN018,rQM4-zbS9fc,8o12WrHBhU0,kykfP6T09xA,GzRw4l3JIbk,e2SUGfXVy4A,wS8a5as4d-I,leeXT7b31MM,JN7qaeiRq8U,JfsxLhPn-oA,gim3d1qlZog,XdkMrDmODtw,OgHct5RkRwE,j5s-s1oGzVM,NvdDKjy-87w,cyIftAPf7kM,PSFs8QRPEY4,GZPuPoQe_3Y,DK0Ej9T3vfY,iL_wGOJAvC4,vb97DrNDSfM,zlAqizx7Lf0,SV1ho61qaG4,wLjza0c-ykQ,_HEjlT8DWqg,EhL2OWXZ26s"
UC3XTzVzaHQEd30rQbuvCtTQ,LastWeekTonight,3684370023,9220000,421,UU3XTzVzaHQEd30rQbuvCtTQ,"AiOUojVd6xQ,Za45bT41sXg,lzsZP9o7SlI,82QYlbiawJI,18PL6enCwh8,sy5VQvDGKd4,o7zazuy_UfI,41vETgarh_8,qrizmAo17Os,_uSZwErdH3I,Bd2bbHoVQSM,wJDk-czsivk,M81-GM0mTc4,Sqa8Zo2XWc4,a546lxxJIhE,s3gUpyEI_rQ,HkvQywg_uZA,UMqLDhl8PXw,KWterDbJKjY,Y0LA7Ff2hgs,xQLqIWbc9VM,Ns8NvPPHX5Y,kCOnGjvYKI0,eJPLiT1kCSM,uySgklnlX3Y,DNy6F7ZwX8I,3YNku5FKWjw,6p8zAbFKpW0,x2hw_ghPcQs,pQcFCFZIuZI,jtIZZs-GAOA,MBo4GViDxzc,6RxqNv6bEug,jtxew5XUVbQ,L4qmDnYli2E,jXf04bhcjbg,KgwqQGvYt0g,AEa3sK1iZxc,jDdYFhzVCDM,C-YRSqaPtMg,FtdVglihDok,MalsOLSFvX0,-v0XiUQlRLw,Hk011WMM7t0,obCNQ0xksZ4,wqn3gR1WTcA,phieTCxQRLA,RMpCGD7b_H4,-_Y7uqqEFnY,kpYYdCzTpps"
UCfp86n--4JvqKbunwSI2lYQ,Cody Ko,1542430743,6100000,413,UUfp86n--4JvqKbunwSI2lYQ,"O83lwTRfFH4,vSyCMjpAsjk,vclcXO3pGtk,6PKYTzjSZ1g,BsG929YSt8M,QePBqGQDzgw,H3mFoQAYGsM,-xeyAMhmw7k,JdDUw82NdUA,2xZ_jxpfVCA,bEalCx-pkBk,AjmQwtyUDjo,BsYgQaS6itw,bI56oAmio78,cILXjqqtMrw,R3J3QV1Cc6E,Gx8s_6Iz3ME,pVPjs_1JLQo,1qTJFvgPnCI,LT0v7LeKxjg,4CbJEzu50Ag,Z24inVT-mqQ,f7TXGsGaJWQ,eTOBJnr3LjI,nkaUNst7EFo,OVnK-AcQkyQ,boYqN2gK_C0,ukoPseQkS1Y,6di0r-1b5YU,EBQeAZH6fIA,3hxhHyCcBqw,S7GDgXtWFAY,TqHkVUvs9w4,pOgq9wNVhfc,jTne6FftNAI,QOs0qHDHpo8,22hNauPqMOg,LhUAzphBUzc,g1GSDnW3AOY,O0_O0EYuxeE,BO0lhOUQTFs,8uY02b1h9NQ,U2_jwewcvOw,V6u519jczMY,gfWUMjrdEZI,EzaOUm9OXyw,_avLvFWt1Ik,atMWTRNi6i0,G76j2rIuGEM,nwDI8PIRkis"
UCJjSDX-jUChzOEyok9XYRJQ,Jubilee,2223265072,8360000,1136,UUJjSDX-jUChzOEyok9XYRJQ,"qW_p_6tSBNo,6sGHINmaTOc,KK-9gqeZV_o,X9eJJoNnWsk,wSar7j_1MtM,rwXzV499jPQ,GVzbs1Eup3E,Nfc4VwS7Pq0,qtvF6bNlYoY,xihYx6LSwpA,f4_Gyi-QGbk,U0o5hkJTLJo,NBJ2J5k5kRA,_JDTQMlDS40,5fYEL1BsbQc,ne6IxN6EbW8,aiboWouuWiY,6Ft_UTCnLEw,wPuhEafGIuo,KuR5RW30mjs,3mFJUs93jgE,0t1OddjmpCI,zgafpHxInmY,ZnwDv_X7MpY,K-pSu1tMQ0A,qcswCmczY-k,wtWef2myjVQ,M1f2nd7LQEU,nQIEFnOBHUA,ZqIAXBg_TxA,12w-chM92QI,fONcjWhIM80,jDMQTjZlYOw,-klnZ0oaOnE,RpiyknRzD_U,Q8FXjvyz0I0,eNa_PUTQXQM,5hL_8WfXBZU,5vOTbWXqUIo,yoIEWcyKQ28,xXWHIRwa4Ig,DGbjtg2NN-Q,gqmDPJtv7hA,JS5Z8KD2sK8,IESTvvT94dw,1fZJVU44iSI,buDIZRf7qzY,DKcc1To9JD8,I9B0V5X1p1M,BoqGr9f260Q"
UCZWlSUNDvCCS1hBiXV0zKcA,PragerU,1812505066,3170000,2900,UUZWlSUNDvCCS1hBiXV0zKcA,"sxcBZpi04Ao,tIW12lOAaIA,x2MP5snp3bY,947oguUbA-0,FSAq-SNWF9A,MAWfUKh7lw0,m-6vSFdVnJY,OIYJRrow0AE,oqOIX5hMFZg,pAXT9exzc70,E5DUKI-w5do,4khYuwIV36U,htWP04xJa7w,d1USgwbfu8w,Ra_bQ3kTXKc,9ozqWt0XJvY,7nuCXkmwhbQ,s02Gn-9qivQ,PH8VS3Y6WwU,BLuzVR63MwE,oz9-5Lbyct8,T8MRVslyFQ8,1qBV0D8_8yA,g6BS64xHqtM,vojYb0v-77o,c0nf13iyGRM,9UMu6_wmK2o,1f1lu28lxOU,Di-HTPI9ME0,ssxYEpZ3oM0,E40S4_3uKx8,etFWMlEDYDg,srnrQ0p4Vb4,BLZ_lzYH7es,ZIt_s2xZ-yY,kIMYvE64MWs,Y-n6iHAhfDU,SrUiS2G4Lms,6Qa5E_J7HD4,wmELuyPG0Gg,7BydnSuZg0Y,WIW9EFnzmfM,LeH3ZLQOSpU,Ee8CEV0QjCA,FIJLDSfRWsw,a2NNX3Xy57g,cX5MA-1MuB4,nJ-1lqHow4E,66UiOABdh5U,UTM33a2cgFY"
UCcgVECVN4OKV6DH1jLkqmcA,Jake Paul,7418479685,20500000,1114,UUcgVECVN4OKV6DH1jLkqmcA,"QU9rZh-PrVU,RRleCMNmmz4,9zhn4AfdQRg,9IocMT3knYE,DtW22d8_tVo,rWB93FvqAuQ,ndEKWdmATrk,Ar33BRTeFX4,cSLdFM1bOos,zivjZU8j4Yw,OarxKEVAE6Y,M3BTS5woaOI,EphC3uyGUkM,7xnBO5R-GSE,MGdZ6BXA6Io,nR0CePRNHKQ,ap5J7uq4Z3M,rjuPKKbkods,M2w_O2i5bjE,0zawYo-pWAo,6RCO8hoB0cs,OU0w0l1-vhY,XdLtFslEDBU,nIgIQxORFMQ,UsYmvVYEYfM,Ynk1Gd4nC3w,6cKtcuU2LYs,_nOg8Rr1hLw,5FcsYFFRm4I,RBqSUXBNLm4,XTeTMxPE9Eo,8bjNJqEiv_M,QVPf8GY6YLU,ghXzh52ia1M,96jA0DuXHWY,ANeffTVBxDg,fXlB2MTCfJU,ryfWdcNlSUQ,rrt477YPF9o,a6i0DxSj1D0,v7igEuQUSjw,F9_Lur9dz7I,M75ntmEL6s8,R6nuMyQghdM,6oZYHdyL_ao,H2bVhSrC8h0,5VqMBvzUsNQ,LapZswH45lE,9b_7peVQ4NY,QFlH9XWt0KQ"
UC7zsxKqd5MicTf4VhS9Y74g,Kurtis Conner,758452807,4670000,217,UU7zsxKqd5MicTf4VhS9Y74g,"GIWyZnkw1uM,QKGPwcXRKX4,nCX_AOUZZQo,zzvtP3jMIME,SXYshpRZS0k,Bw-StjYAgoA,eYyBjn0I0W4,E2QBRx1XYM0,YSfeEJRIl3Q,bCoV7VaobfA,zOXwhMSzPPM,ROHmBJPRSpM,cYJII1tEk3I,BXM9chmHqrk,s94JNWhVFtA,36-OfPQ2Ek4,7gProq2rmag,9NDorr6rl6A,h3QLFHvcSVE,czjoyRz9sLk,Zh_m3OzUhcY,N2oxT7YsX_8,GBixqIGdbZQ,oddigFf937g,IVwERXiRfY8,4X16Iw5ST4Q,SdlKaGn0b5g,8BIseuKZjzQ,_7HXSujKlY4,7oDrTMP0BNY,xjTW0DXCLd4,-o2xPaGiT7w,D152lWYtMuA,xm2c7R6H1sA,kPOCc9unyhc,sGz15F-_uaw,HOU3VFtdiBg,ECA6qu8khQ0,Y9sMjw4qbUo,yvZP3YQNuRo,w5vG06pAQBk,otjUfaIEAao,q8sy5amb64A,OQFWuCJMxKw,SnKaWn4fUhs,wHp8eMfYYwA,_7p_opi4pxw,Sv_OE3eF60U,hLQZ3S7dmxk,--CWTjd8rkY"
UCE6acMV3m35znLcf0JGNn7Q,Gibi ASMR,2029513503,4830000,1232,UUE6acMV3m35znLcf0JGNn7Q,"kVHNOiUshFc,n0gKDZtWkEw,YjrdyjFg0zU,_uRKdB4Q7L0,NtR03MoEbhg,GjBtVRxVfgU,sR2K4fIMhlE,jqz01zoacak,zDSF2Enjnlw,HQQdoSLRs1Q,g8yp8KNIAHY,CXvinf9VGbI,gnhVZhRWn4c,cNE0SLVKL-A,wWcMi_9ubrA,93puNntly5Y,NzoEaKYhjmY,hniCCEAi_XQ,OaBEylKYuiQ,Lx5ZHJ-4Rok,yTdHW2RFxvw,HOH77NImldU,uEWHbwrGfyE,A1wh5bJ_N4U,ubepSxIMwVE,GHo3A3Ylip4,AuIKiSjW7gE,Nm21alCYNCk,mBUJneOAa5g,wj5VS7iBGBQ,7tOTW7FwmrQ,ncB2s3BpCNM,fODo6qU9b04,GHfKP5f0P1o,-PL32oGFT_0,YOwYErFRO0g,UFe8ebuyBrI,mHfWrGqAJ8A,4utKIcaZlP0,jHyxNWzdmXM,IFxfocgAbEw,OSPGJSXcJbw,2FL4Oo2wh1Y,HfLQjjQb0rw,yAujWccFW24,cD6nvU-xl50,djH-rs1odg8,rR5XxpGFkk4,UZQzJKj2nXU,F_wS3rVt3Hk"
UCPDXXXJj9nax0fr0Wfc048g,Dropout,7232082470,14700000,4395,UUPDXXXJj9nax0fr0Wfc048g,"ehTeymh1xgg,bvX3oinPTCg,3kDdr8HBX8U,PlCHRkH9tEk,oglws2QISVk,0qKRYbagEzA,765samey6MQ,K7ttuFXHpwk,9Nzkwl19KYE,UJtWj7cSH8Q,NarEddGJPFc,LENSqVW3Q3k,guUXnvUws5g,8_SYzil1e-Y,DuQ8AqB_7jE,iJQ93UuhkLA,VGViRoSBlcQ,7j1f_cVTo84,9EbvU8OZtqI,wTOVolIMwcg,Wjb_bHXIFDk,m9zvCz_0gj0,HfpR5FFg4Yc,nRyrfhp5iP0,XNjwTXvfXxQ,hjmiDzLJ9VQ,kexZC6icLK4,oPW01d5shgI,qaR8rFsWoEo,0Cm-cyNJGlg,1NGWhrrCnf0,KrbRCNkL0aU,7MbEyGRooBU,Bj5rRevy7Ys,GGqvvOYwiD4,xtvD3YCSh_0,FMGWVdmRSpA,z4uAd1g9BKs,FDjXNF88e18,xFtlkvGE3OA,JzFuJDLd3cg,uDIvjDQVNk8,VbF1AJPqP1M,jAcbNm-6PEQ,lWsQ893GVPA,kuhWCCvcO6Q,jKwrYS2a8zA,vT-zZsjwZKk,fnWlNnV6xFA,eqZl13hxZPE"
UCtinbF-Q-fVthA0qrFQTgXQ,CaseyNeistat,3170971472,12600000,1107,UUtinbF-Q-fVthA0qrFQTgXQ,"JFKJYE3LcYk,kVHGhdUDjPU,DpJzOuYSpKo,BZEr7_Oggcw,LgKulg2YVZo,0TvLl2f0wC8,Cm_uIxcczWM,UVX6kxnJgMU,h9xaHwBsRUw,YpqFOB7_9go,Ygj9vBF_WUk,3CJZli1VFQg,34k7UI-DR_8,ouPPSqFAbb4,rzCFZypafAM,WlY9pDwGbjw,o0xoWsYXIrY,cldSbEoNR2A,KehujfbRBts,i4GJnpOZmiM,mshN3N0jOng,Qwr5tGG0jfQ,7lGLhhoIsNc,YbE_FD8df80,bEriqRN7Xpg,LODwfHdZA_k,kvnn_EptPiQ,2MQF00rTEJU,NK45KHO5ng0,6ksZoza2Fhc,fIdRWKel0xQ,C3P-b5Szz44,l30V426-_S4,X16jagQdNIE,igZ6PoZAszQ,RoDi72mL5sg,4juSAp9jQjA,oED9tZyI-vU,Ipv_LWcdfC0,8H771jAxq9E,PF3iysOyelg,UVA8pPxOPk4,asbAlDd6wrM,HgYVuXaihNs,qaanivZHttE,TXLUafBNjnc,4NBI6nrGI1w,p4Cd-xKpJ9A,p4FQ-nyaInA,rDJG4NTeWiY"
UC78cxCAcp7JfQPgKxYdyGrg,emma chamberlain,1613977079,12000000,288,UU78cxCAcp7JfQPgKxYdyGrg,"ppMYKsrTauc,9LjVjVFUoTE,yy9njuICt_U,ZSUzODWPIdE,Iuet9k9_m8Q,NYEZGDRPUJo,MD35zQk7xYs,Xl1iR47dzes,-gBfn6LBh-E,0K27MiJZrRo,vLIreLOw2nM,_kJjvzC2QdI,PgTRc6MXFa4,38yZqeSJY4M,TIp_mBokspA,oNz4UlLyp5Y,cjkUrUEfzko,Nb1zIfaGCuA,UXe3votrOOs,L2o46HpfIYA,D3cQLBXJNNs,eE1Jr1dHP20,S4iDB9NhGck,F14Flnq3zCY,UNRCO3rNugs,s3EISTf1prk,oA_xzQ-j7IE,e4tGyBaL_Q8,Bp2cN6UDwF4,1C-s82S3XPA,3buknaDQYUc,wyzDP48IaLU,dYvUcFvF-V0,qG-iM8V8pew,lUhM1zRW324,pWM_9apF0j0,IdSibCpD76I,GnJAqV3VMUE,bM9UvblCv9o,3VDwkGLWZMw,HIrBRY8p7C4,j-sF-Mh68oI,gvTBnyXsmjU,5a7MGhe8ByM,MFPUK0030tw,eAFlpLgSGo8,LPDfokx6Krs,ScWXi59imGI,ysyzR3DmwjM,cTvQ81nelRU"
UCsqjHFMB_JYTaEnf_vmTNqg,Doug DeMuro,1902513507,4750000,1266,UUsqjHFMB_JYTaEnf_vmTNqg,"HJUfwPBbfMo,-twEev0TeZQ,dWV97nYdSqg,iqaItgsBSsc,VnXkgjoTf-Q,aonPqMq8p1o,sfC6ZaDZ0dk,r2sgjcKYsFM,2GU3lelURic,6nfB-1-wDrs,bq7l63T64Ts,b9VC-2NnHOs,_eEtA0uobq0,beeFxVpoMT8,Xfdq4F5ydmY,0Uod3xzlbr8,SAbtot1MBo0,l2DaBbJH8gQ,yXnzBe0Tk64,VUlnjaJwBrs,b6Nn2CpBMrg,wRs0bAqU3fE,a4meEl_ievQ,GjuE9M6xtGc,b7-wacz4tB8,3GV3aJVXdfA,lxdlfObHInI,Vy-VtxDQMa8,d8cn0lScA2Q,bqusLsWb5bs,gX3KR035g98,Hr3XmWgIuXk,NxGYEEqhwsI,tPNr0zYVLug,X9plpDmQejs,lLbnZlgVg0Y,VI0gOBGVbEQ,-4YTL_hVgRQ,Da-EmG7Xw5A,GyPGAUSvwGo,sUOY_LD1M00,S0Rgc7dA2vM,sbGWbG_42rw,XAvVEC4ghCA,af3_QBNRSXM,GKEOb9rC5Po,WWeTocCwy6A,BM02cid6tnk,eNHCzMW8BF8,y7u3JdeSEMs"
UCsTcErHg8oDvUnTzoqsYeNw,Unbox Therapy,4566959204,21000000,2221,UUsTcErHg8oDvUnTzoqsYeNw,"JeH5Kvf2CC0,IXwDk-i_2tU,27wLqstl47g,hEz0Ws0bKm4,QQ1K79F7X0E,0YBdiJTA-nM,5TdLgC1KyTI,lWclrhYkRn0,miG47PIMQ-w,LP7f_fvVJH4,rHKanllzO-U,G5QdOWHkkBU,9ZKKix2Tbcc,5vDbySza_qs,UWMaHazdew4,KA2DNY-HhAM,9x7gQU02UQ4,MFbovYPi4UM,J9erzsZfV4A,82DgSYIfmcE,yEtG6la3MEY,AmtDbg1sJ50,Kjx6I8y2_C8,XoOwmNVMjIY,c8ZOWeD44z8,R0YhV25E2qU,tgRuXc9Nt30,YwpY6LZ6tYk,-wqNpgJmc0E,7Ba8hzNM3y8,t3oAJ-utnw8,zOKwZ5Qv-r4,4-RwywFiIsY,5g_41Qi7EZA,AKZJXyHMJ88,OmC1dQ8o8Ro,YwJmrGdMwVg,Ux9Ouha0YtA,iPyuC5euujg,vNHgBe3UGPY,-dQcoTzCbMk,5ukFL_g_cYA,K6UgOhr8yzo,m11SHx8J9IQ,xgkkqkH26lA,vmzjteVCccg,ZiyhPqWPsac,7DbxG9A4BVU,IMuQMOz2kks,HqIct7O0460"
UC9RM-iSvTu1uPJb8X5yp3EQ,Wendover Productions,647670769,4340000,214,UU9RM-iSvTu1uPJb8X5yp3EQ,"Iiny1GrfhYM,44l6f7iXGAk,AL57dSIXqBM,vQpUV--2Jao,C_B09FZwSbA,Kmlfy4svwuM,mYGTNHfgZ8E,73ygHs4Kwcs,g6rFff2MAxM,Alqt6RCEWdM,37Hmd-VkMIM,WtkI-QAgM6w,GXT46osICdY,S46iJIk3t70,1ngms6iRa14,89FoKRtpAy4,TcSpBAZvMhI,xpUIZ32n9nw,1-m_Jjse-cs,xfN6lgxedEI,qQTjLWIHN74,c3dDagZMALQ,Pm5bTZRhncY,AIqxfBhlwx0,oL0umpPPe-8,GBp_NgrrtPM,YBNcYxHJPLE,iIpPuJ_r8Xg,MY8AB1wYOtg,8xzINLykprA,f66GfsKPTUg,IDLkOWW0_xg,U9jirFqex6g,eoWcQUjNM8o,V0Xx0E8cs7U,v0aGGOK4kAM,AW3gaelBypY,xhYl7Jjefo8,oESoI6XxZTg,AQbmpecxS2w,U_7CGl6VWaQ,R9pxFgJwxFE,SrTrpwzVt4g,b4wRdoWpw0w,UX4KklvCDmg,J-M98KLgaUU,0faCad2kKeg,9dnN82DsQ2k,Y413Czri6qw,W3qZIPiWKc4"
UCWFKCr40YwOZQx8FHU_ZqqQ,JerryRigEverything,1855036598,8120000,1085,UUWFKCr40YwOZQx8FHU_ZqqQ,"hZS2A95mm9g,LU0yWVLjINA,oAswYaQ3v44,OlWdMCVtKJw,BnPFaT1ZaNI,go4hT1BLG6o,VVvxyrjs8zk,XqMJTULGrR8,seFVMxlzb2E,99wS5DDGnHQ,2JKnYoOJgWI,PNLEXAwpCsE,jDdDnFmXcME,IoaPacmAqm8,4OgHTQ9ppwU,S_W73ouKtjU,IS0SItAzEXg,g3Lkfy3KCvY,r5Ot7WcvOvI,EhiZ6xYJxnQ,FMCFnFnFupk,GOkBkaqJO6k,vlaboDEbMiI,YfUFGP9c0P4,WI9llTqFSUU,gI4HQzzshbA,H1UJ5k3yMvA,ZZUMv6RAKa4,cIRTvpmeQYY,3luGlQFGY2o,0mipec0cg2Y,KS292Q1ayII,vxlSrgEbTMQ,s2xrarUWVRQ,kbhyvUwO5EA,qAwqKBfhRPM,5y7a1Eb6QR4,8C-H7Unad1w,YUe7McoOqaw,dlIPBhEBVT4,3oGJP9FMWAU,WmGq0FDa6vc,i77C31yv5O4,VcjzstgVJ28,QwIbxSUsjQY,7-4ZsraLhPg,oABYLcsohvI,7A_JwImGGRo,atCjacOWPjU,jrDXaN4v9mA"
UCn1XB-jvmd9fXMzhiA6IR0w,Domics,1220881599,7340000,211,UUn1XB-jvmd9fXMzhiA6IR0w,"wM5dp6hJRZw,V94-c9-Esxc,6TuaphP2658,YmBPbYSMSKY,qd791fyKAtA,SKmWl6jbnXI,Nmfjrxv_ZZM,tVhDwZGNBwc,Yi3n60XOisk,dD5qy_jirnc,Zqd766xbfPo,naKk6_1FRVk,A3ErvVzh8EY,s7lU2h4KsSA,nBVW7p3gi3o,uUj674eH1sE,oRCfeWg78z8,5GVI2WWWvik,3vPJ-12LxrM,GWOd160ieSk,8JTAeRzXGBM,4oZjfVwQwbE,rqX65RHTWrA,YnLGikHGuJw,wnz2XKq-Ym0,8uQvs2HemRI,8Nz1m4U3UmY,Yepxu1lfzzI,Q_MKM0c6038,u3KEGFmpfSQ,fqauu3dvrM8,BK7ojj5H72A,XvsopmnMfg8,54DpOKlTmZQ,Scs7l1jPulU,uLZyblPEYH8,izIGiFet4g0,ZBzhl4xKqe4,kNCjUEKPsEo,BQfKhwmlSVM,uNdgDYA1F6g,1cliI7tQilU,eG25FQjZrHs,iVm_YUpn4fw,iLUGeoNZULs,-GDXsRzQVsw,4U1XnEamKcw,s1VqPpo3adc,lSmEVq5YMMo,qDzY7_EKQoM"
UCsXVk37bltHxD1rDPwtNM8Q,Kurzgesagt – In a Nutshell,2482513375,21300000,194,UUsXVk37bltHxD1rDPwtNM8Q,"Qtmrp_4BKRQ,JOiGEI9pQBs,LBudghsdByQ,4Stzj2_Rlo4,wmP3MBjsx20,cFslUSyfZPc,Kr57ax0OWMk,28T91fgkpkA,4TlyzKBm5yw,kblSnj0p6bE,FPKRFw2jrnU,9FppammO1zk,8Ey3_9N089k,_arb8Fu3LXo,XFM4tCakAXY,uoJwt9l-XhQ,BNvL_uZhTsY,V4Z8EdiJxgk,RzwaiFvyN6s,LNv4y3wPQA0,hvmIZAvt3jE,IayvE_jFgrc,o2afhMs0aUg,UKOxj8oP59w,zFhYJRqz_xk,pb9g6osg2aY,GDSf2h9_39I,1x-i9z617z4,M-K7mxdN62M,TYPFenJQciw,aeWyp2vXxqA,HpcTJW4ur54,Qsbe1pD8ocE,q4DF3j4saCE,Us2Z-WC9rao,fXb02MQ78yQ,FfWtIaDtfYk,I9hJ_Rux9y0,W93XyXHI8Nw,4u5I8GYB79Y,LEENEFaVUzU,75d_29QWELk,Pj-h6MEgE7I,7OPg-ksxZ4Y,LxgMdjyw8uw,KRvv0QdruMQ,lheapd7bgLA,xAUJYP8tnRE,XFqn3uy238E,F1Hq8eVOMHs"
UCV9_KinVpV-snHe3C3n1hvA,shane,4343936378,19100000,572,UUV9_KinVpV-snHe3C3n1hvA,"8JdrKQgziLo,W-lV-VaQkQ0,ynSSHMbHsIU,sNH--374MzU,MgxyLV31-vM,s3WFAONOFhs,5rJyBAkQUTA,JPO0fJIt2W8,-_mSEImJ0t0,mXGnPoNFO54,CYB64F5UMCY,3lfBDZaMqM4,jWIAoAzb4tk,ardRp2x0D_E,MZfeSvkhQr8,OTCOoVApM_U,9MoDGIkAudI,UJ_h3bnwoAM,UdY2a3AHpBw,5wx7Wj5jdFM,KR5r_Bna1eI,JWukx3HGBKI,IoYWO03b71M,sNuKpwX6Tz4,BHLBaOASC74,de9iiaxLEgM,mboyQGH3eqw,GK4_G33fXFU,rVWZuXDkc4A,Hon5Y13M3oA,SZcOGPj8C1U,vTLkSpY_aYg,9bpkr91p2xY,MhTw1SUxWTA,9q2PgfYbppY,MLvb3pWk-rU,uxtT_6d0DWQ,xUf2-sjGqQw,NsrEb1aJxMY,6YLY9P-nIAk,SLFOqYjmroA,8xFtIsyRvNE,pZ0lK60WuZ4,_53cGxAUuDk,eExAkGrcoQ8,jh65HFArNu8,2Rf0iXdZ1To,Hz4oC-6BECE,nR9M_rsXfDs,o08t04SJeqU"
UCn8zNIfYAQNdrFRrr8oibKw,VICE,4688217051,17100000,3957,UUn8zNIfYAQNdrFRrr8oibKw,"i-o_qPr1SN8,9KGgdWC2YaQ,7PXqDGQt9gM,6womrUiGPyQ,n1ARWCtWxLg,bg8gwhl0sO4,rzePyn-hPc0,4II-X69aUn0,QkQW2lkKC-c,I5CwycScAP8,2ocsgQckxi4,6Kh72uQZdk4,hAMk9MqhYVk,6mup_LtS2D0,_I2THY493Qk,1BXTz9bDgBs,DivPDV3SO3w,27se4dEmNSQ,yKoxptgdEIs,_jQoHowgFBI,88W5Sar36vc,o9_Y97rJZXY,s-4AFSQzkGI,VEaJg9Hv008,G8msIgK3Mek,UAykz73MdsA,2PRxfSjgwvg,zt7tfWE922w,EsOFXDbJDBI,rosuKa67pNo,KjpnObVhKpg,6-YD-XWVwuA,r-yo0MNHrAw,R9vq8a9FxGo,C67kVGAwx3w,Fyzr6jbSI_I,01tk9mnNk98,qHZN71wxZZk,3KHNMrCvVTI,kTOwZxRT5Qc,udUcdJ-p-h8,qOBbEDv_jpA,I29gvV87vPc,T5xsSR19mMM,60BIq75BEAI,ahM_2kzcGLQ,aU53t7EH_CQ,rOzMCehZMnM,YmziMiTcVek,hoFN8_6I0s0"
UCqFzWxSCi39LnW1JKFR3efg,Saturday Night Live,14966195197,13700000,8406,UUqFzWxSCi39LnW1JKFR3efg,"GZ7-t_Di61s,s8vecsTUDzU,3EPGZ5YgGFY,Xgz8Vw2BZB8,G31E4ML9ViY,83v1bUEiRNU,nzslkqwZtVM,w1ArZCGbIr0,bI3JY6ySKeI,PkSnz-5C5C8,uQKGsvLH_Rw,qiTDb52mkbY,qVjQImP8x5s,z1bDMT5zSek,z30nflmIgBY,9qm7C7RO0Tg,aGgnOXAKR30,EqI0ckjtOPw,pE-BpHdYFK8,Zg-Ead2kgBM,S7CzAF6mhfc,aHedgot-DRY,nTd1jcbbauA,HWsNgDF07h4,PUX06tK4LfA,d_Hcgigq3jU,lDxAu_adwVA,IZFRe65qO_g,1abOFvA7cXk,Lyf4kvxYRyE,s3FzkxeEACE,u4t2SKGjkTE,jHBGtholMnw,JixQVXGhH-o,QfhQyKltB9Y,-Q6ztXo7ArA,wkMMmlnDlZE,lk0xs8UT7mc,eAES_fDO8Yc,O-UfkZKKGc0,IUgHMGb74ZM,MuoBNKGt4TI,FqGs93VPuZw,YQhqEfw9G24,Ekia3_AOmGY,lr9iTrNI3Rg,HLcB__Nca68,qfiKfM4cnSA,6iPjY1Fe_qU,qrG9TDpBV1g"
UC8-Th83bH_thdKZDJCrn88g,The Tonight Show Starring Jimmy Fallon,17163226404,31200000,9130,UU8-Th83bH_thdKZDJCrn88g,"w8rzqmotK3k,nUSh1_J2-sA,TeaberSSgxs,YQoL_AiH_LA,ma3NaPtJ_ic,QFdaxf30gT8,RYhCj2J4gJo,sRrD_FMk1kM,QNoF5ZQuSq0,wkFQJl6pzAk,bys8Nt4IKjE,nAxOuq22OMs,1ZIBnqmVZr0,AXGGnbVEJSo,yHjCt2Qjiu4,vE2au_qc440,IMFalOfVjzY,4UTqPLYaKgQ,IymqwB2iMCY,YiSCebNwsdc,qjz6csYW39E,PmQ_xZPvaYo,EkZbvIK4oAI,eJdPgTYR4X0,hxvKWakx4cM,bPAASU0fO7o,NIkIWsoDJ74,1kHMMe7g8AM,GvFYSMU3VeQ,9OBpfP3S4XE,Dwg_45e5OX4,NNWFgJ2zIH0,E7_c70K335o,fFrIPhZrfkA,9Px7uNOGdFY,_uwNrduf8fE,HY-KejDK7Ok,RKqsnThNdGA,x80L6g5AvzQ,WsgDs-FjidI,ToXb5zDvzwA,iuMKozoinGQ,PfgVFmGWbvo,f5n1q6oLoFk,qMwGRCGF3Hk,z4_1NTSi3O8,MemMZq2g2wQ,dytxokrqV4M,rDPHOFU3XmM,5xLFbVbDhbQ"
UCXuqSBlHAE6Xw-yeJA0Tunw,Linus Tech Tips,7351005426,15400000,6616,UUXuqSBlHAE6Xw-yeJA0Tunw,"ckJMBvxzZgQ,yPh_SSTK4QA,AKe2ufMWZro,QL13XBMKWBM,ucj6yqsOwwo,wwnrIWJoxk4,Bv3H45C-PiU,a07pM4C3gaI,Mi1x5bjpiJ0,etyCb38ag-s,oKTmhPEWsMo,VJFaXwnixxM,OskeOonpJZI,yFujQ4xvi9o,4yUMOK9dOQc,akxU62laPMk,z9XWN7u8mSU,zR6vzJPlKrg,EreRkDMIn6A,mXBzBFxe00o,Fyc2k73OHbw,r4NL2e6jJ04,D0imrHdv88k,HIhgMt_qYpw,xXXQ9LaEONM,-evZD-qK5LA,7KuLMe6KSVQ,xuaIhbXHsUs,u4RkkjiYu0k,HHKZTFGUZS0,gggehz298L8,a_e_zW8EXoY,jCuEBVbmPcA,z6alcVTRJMo,oWXRkO9pmHM,-ZXrJRpA0Jw,Pl2qYxJRBR0,qAE5KoyFEUo,0cTpTMl8kFY,jJlfOhQ_f1M,qdoOwCXuePg,WVycLhE45kg,EwgZaSYuBLc,hiwaxlttWow,5wBxYQdN96s,1s8Kdc6AGT8,aKRyZelOp7Y,XwO2qJ1cGoE,geb_gk1XXyA,rnIeknursww"
UCoOae5nYA7VqaXzerajD0lg,Ali Abdaal,368056655,4850000,735,UUoOae5nYA7VqaXzerajD0lg,"slZ_qQTC6fI,h_vEA7SWEzs,dtxU2z0Q1TA,yj0SdVl4FdQ,cNCw0ovtolQ,DAKamTy749w,uB1x_qIHPVg,uHncVNYcICo,3r_jpt04M68,afqX-TiMN9M,gIFSSmCkFEw,ABEgnU59CFU,qcvvZElS088,Lmkjr3AOTmk,UDJizJhZkYQ,uSimLIOHxTk,dDfk8Uoyz60,0hK9eFWorEU,YDktDCOHIbQ,LQRuaP2VFfA,ReN3v7xxxWI,pGFUW8AGrnQ,sbmOqiE_lus,vz1D0geYCuU,Lt54CX9DmS4,SYgGNwyAOt8,zk8lRey9DSk,E8vwGLMTx5I,0E9ZcyCpMIs,hBEKGBLAB80,V9SmqAoawH8,iBM0PToZ2VM,SjcvBFfMulY,Pr0mI_gkS4k,1K-yiSBN8p4,pNcTkGQOKO8,I2rvAysA-_8,-ZscZv-IMyI,gY8MWe0CGqc,EgNHc43z374,b2lBUkZV4Xs,XEJBS5SJTpA,P7KXFybHaPk,nQyuCT_zzok,BgVIAGA4wmQ,Y-d90cILIDk,OksWjaMxUOQ,vBqOMLd1ZQk,0EJF8dRNLyQ,Nwvefe71xQM"
UCucot-Zp428OwkyRm2I7v2Q,James Charles,4195457776,23900000,532,UUucot-Zp428OwkyRm2I7v2Q,"AMGYGjGi0M8,tN3PpNvIHnM,qaxQGctZTio,96uv3NvPOhg,CRYhZgV4VVA,UEUgR6mGfHw,yHke1ZaCIRQ,ygfwW-o8RYY,eN0bY-G4Pho,t-cEFzqcqzM,SviKFvkqIEo,ag5lmLtNh8Q,Xbgde9LCrOI,6D9loai0tSM,uM0lLBTfhW8,GYCtRBE-gjw,iRRiOrE0Yk4,ZGGp1l4GF54,VX2uRreCG5Y,MsdwKcwLXbk,qAi6KXVtvSQ,dcXMdQ3mNoY,ta_Ct-sHJ3s,cJiQwbr3_Fo,w5UolwxrUTQ,HTIjydr5LKA,xH8VoDO4hs0,H4O1s6UEc4Y,cwQ_fbfBqRA,Lf1lxJBEVYk,ETwQxDx3hcY,FYVOAO5j6VM,LOrm_I7lvnU,PiUimLK5BhQ,HbRo5HdOAQE,bRAIS2BkdKw,0hBfDMtYM3s,oFmVw-g_w60,P79SMGB_T1k,3YE9PpG85m0,OhYAit9icYQ,lCNn_NWFcQk,sAyelqv6NMc,AbMxGZjPzns,VXhe3ucwPCg,dvQ6jKvCRrs,kSZn5ZiDwVg,3od_58tr--I,xpZyMvdY7YE,1JNFgFe05t4"
UCH4BNI0-FOK2dMXoFtViWHw,Be Smart,552335259,4920000,410,UUH4BNI0-FOK2dMXoFtViWHw,"7AnS8QFhv4g,SnAhWHv9TM8,5T4F0leCaiI,fOMEwrilIdw,OvM5zeYL7fU,RYySvUwbmGg,UmzJIf3n9z4,5t6EmSuKWYY,Bq_ZgV4OURI,22GuteWAVCk,XPczkXB-sX8,HKf6KIKHkUs,thtKslF8zE4,PjUxZ5pWJ-g,gVZwdYZqCUI,fJ9qKO8VHFw,7mG7RH2XY-g,4RaCURU6A2o,NKpsEbf4GRg,HjsaNE0Mtco,GkumBTzW9HY,08nHuUbt8SQ,vGtLzK_TAus,RgGWoxRBvsg,NiNaBIN9TlU,4-jNnr0zhFU,rBxPQX77QNo,I6As7KhrFQ4,dOI6Ivr0xjg,akBpQ-A7mCQ,U7qF0_SyFAY,yoAJDYHioHU,0ZhbURd6xvU,I2TWU52tYJY,DlGQDGR1FFk,gv0rxYZfkfA,wK7XjHbt4Z0,iCT4BtjlGks,5cPzNmtoZDU,2PkwuKEmUCE,O7hhNl4sR-4,QUCT90DyBh0,6JhabPdwWmk,iCucC_r5fXc,kqjXhr-PrXQ,86P03RlegBM,1rL4k9Rjbuc,mg9yc7_7BWc,SAEiJOQr2Ic,1o3_w0Ypb78"
UCLXo7UDZvByw2ixzpQCufnA,Vox,3332705575,11500000,1644,UULXo7UDZvByw2ixzpQCufnA,"EyAdby3hMRM,dL_H_74VP2w,oRUjKZOhV6E,W5hBL94EFMQ,ujBFPKMQSlg,a9FbqgOi-4g,brZjzM75GjY,n3TCKKAL3uo,V4j606F6mvo,pf1GvrUqeIA,Vjvf684eyuQ,ZlFF7A8nk0w,mIsD1cXtmok,QkD8wsiB-6c,R2karaKGgkk,pZz3tfXEFmU,yeaQUhAOdtk,1aMTvU40RlU,12HDvYRYp9w,R63DdEe_8aM,UpmwhkNg5Dw,8_NITp2JgvU,PGmhLRKpfAE,80hc9dV5St0,DiheSWIxydk,STff_wOQHn4,6xvrKW2H_hA,wAQyHqm9STo,e9OsIj32w7U,o_-1GRDRPfU,5Z101RchIBA,sxHu46YKnZg,UKlyYvJJF5s,TXjU4l5wrkk,RSDnXELorhE,V1R2yrmjmOQ,9kaSKoBb7ew,ZdFFL9wNsaY,-_fqI0JNU6g,ot3dT7c7jiE,gYuHNpNhJO8,TJAklSh_rjk,9u20ZSKsQ90,mQDegCqiVnU,6ufC5eGpDeY,J3AAvZjmeI8,J5H-LCrN-5E,K7uvrd94mrg,1W8SXZ8h4YA,WQhMj10KIpQ"
UC-SV8-bUJfXjrRMnp7F8Wzw,Roman Atwood Vlogs,5478649230,15300000,1767,UU-SV8-bUJfXjrRMnp7F8Wzw,"z9sm1VzaOz4,z1eBr21W4z8,LIJdBqGWJss,Lwr-FcIk5Ss,w2Ab8rSdOtY,lqbOuzyTO-A,vRLCZWC3XCw,O85xLZCd0sg,DNTvBu5uQps,xcspR46P7L4,tm3oszK_Z8s,3ag6jotK-wo,MGTTy8o6ZaM,0bks0T7Zfcs,le58rc6l6o4,5LbGT4wNKM4,LXqu8jqstHA,4ZTGeXFfuEg,wyAPACZRsvA,78DNcqoc4uc,1qvrfk4pRnY,dG-ANw3djmo,SMeTU1p4k0I,bkJPhXgW2BE,CSe-9R9Xkok,wivvP_L62qI,Z5UfKk6MFT8,A9YsP8P9rJY,gIMJpuDuBLY,cClCd45GFQA,eI8wmpsHM9o,dCmm8cGQ89E,aJBeuPN--oo,7aOpf5hsRBY,uIF11AHQhQ0,qoeT4d92XEI,Ot7SVPHp7SU,vBK8oHUquLo,Szh6NYF34u0,GBLQYtUHZHI,MDHt2iYp0eY,MtA_hyvPNu8,wQCiGgJurRs,zutOaBYxuGU,W1Fj6Uf_8tw,cB_9wHW5kmM,aKs-nURuPdg,_FBaxTQ4xNA,OudPDi-7hlg,3tyZSuAdFGc"
UCIRYBXDze5krPDzAEOxFGVA,Guardian News,2809668326,3350000,15857,UUIRYBXDze5krPDzAEOxFGVA,"_SvJrujv8Fc,hDhRnP46tic,YjyQG4CTHRc,pydlUrTyeGM,3Cj3Sq9eG04,cW_b6AXCsP8,4cXSAAJICK4,BfqJiUTnpXY,4Vw_3A536xI,wrW1G9GJBdg,XiCAz8MKvkU,ASWxSfcllNw,DLPkk4AsbCg,cPh6ZHn81I8,cECf_Tlz3O8,67LuEC11ycU,m66-sBgYEZU,UvCunRrLKpo,7Icnux8FtCU,IlOGWIQxgjM,WlSBho3o30g,JLL_U5z-2d0,i4c0_IuZ7AI,YvwIu66Evuo,bkZxBuplmKY,W9Jffyn3DDg,yCld1wk28AI,4wJWuw74PsU,tmb0Ay6o-P0,mdEpj-cuFIo,G8BtQjTWwxg,2TpOElPWiOQ,B04KwgE-3uw,lHYMiKBvFTc,0eE6o-5Z9mU,muidrZiDGWQ,HRfZsShPQ-A,dPIE5FLaXuM,FChlUp4SfVc,HGG8R8t7cCo,n_zCgc_mdJE,muSD5pryThM,y50q49R_2L8,mzO4mJdm-UE,68Encplv0Yw,6kKgsl15rVI,TzhVBJXasLI,4inn1PwuT-M,kmEi2dYhIW0,Cxxowwpmcks"
UC-lHJZR3Gqxm24_Vd_AJ5Yw,PewDiePie,29149304852,111000000,4736,UU-lHJZR3Gqxm24_Vd_AJ5Yw,"L0zminwWyxI,CZy5pwKdMuo,ZFAuSU_XaZI,sK37SolFV8I,_sPXXL9YXok,bsrKZCf_tMU,XBjfAEM4CPA,tKOlGCqDowQ,tLgmrUyfcd4,6vOBDRnH7nY,peloHl5sb4I,TOUlWgoILsQ,WBniggluAe8,IBTM0W1kQ5o,wycmfVWKWlw,ih5SInZ93k4,mNHgVZPlh5g,mCV44C5rQ2M,XdwaASKJGxo,FJdb364vycg,BEXqDQ6X5hM,8w2dp39NSsM,UoNAmRwf5qk,DEgt25yYidY,NQslXbsjVSM,1yraW3e8gRk,QRALuk2kq0I,HJABwePm8RE,KeeeLsAa30M,Q74GbFYfBSk,EOWP5Y7eErE,8ch5LLc1z7s,7tB4jwvvuhQ,psHriqExm6U,7yyjFudHYuw,vHtqsuA8WJ4,tlNBB0jdL3w,wjPIcTU3AAM,djr8j-4fS3A,X98VPQCE_WI,W27TjYZhytw,eIbqhi5Ikq8,s0d-AFtXtkM,8XR9OzAeDqQ,LzCA5zHayyk,UhjjjqmGAkI,cLFJjMokld8,vwfQq9IA8TA,P8XP4oamvzk,sIw9GwePGKg"
UCO1ITICo8MLHGAXR1uzFwjA,OneyPlays,894656656,1180000,2871,UUO1ITICo8MLHGAXR1uzFwjA,"On6XnJLKfyQ,bp8FXF_sxPA,Oq_7saIxe4I,IHqlzFi1NIs,EkuWwIB1meU,WTSSAo5NatM,Ds1GjJJJDoY,hnwFA1tIW1g,fnnf_x4J3c4,xonfSItnEo0,Ub76K-5x3zk,X5KaxoNqN5I,0kjNGDf5Mk8,hP8lGA4snWg,l0WKpbKw8iM,XFMHoTUHLVc,97wMc0sNLFg,AHc8fgxO2ac,ueJzDQZKugA,GvZlOqFzPNc,8BCroGqkORY,ZhI5uQ2Emts,QogiLaEaCUI,vb6NhS-Tmow,bo4-ryjoCj0,ZH2ttyJ03lo,OlsJReqSx7Y,UYZCPcFnxrU,ZEqUVZtXlO0,_bLBG3tvz5I,wWHJFHE4yOM,8jV961KHe2E,u-ZCNPFOLn8,DxG9w3s-dQE,r_Yhz8k2o-w,CdlPNyNH3oc,z-04XMV5OWU,EV_eslagfoQ,1X4O1PMIgYc,613CIZTuUvw,0-77VHqNE9o,9_kfMb7DrkY,wVipnVwgVZk,oMgZKu18pSc,9kUL1_ITTlg,7H5tFTxh1d4,VFHfssdiZ0U,5q7Jp4-6ffQ,0meKdjjWZzU,IeI7rWwoF4Q"
UC4PooiX37Pld1T8J5SYT-SQ,Good Mythical Morning,8979142507,18400000,3435,UU4PooiX37Pld1T8J5SYT-SQ,"bNjIJ9-1C3E,kaDKRCYIR00,BYgtHiKcsHE,M_OI5UMX4K4,lpVngS1CPaQ,A1TaT6ny1G0,CH5JI6upPS4,g9ruN2YSwv8,Ric3msdMEoY,fgsEYpQYX10,EmObw6p2Tvg,vX1h9AbgPTY,_uvnZ11MEAs,axF3HttOlFM,zcJm5F-VhOI,XY-yr2GKRPE,CltQ33PtGWk,6pjjML6bln4,6W6QirtLC1Y,fQ-UgV0Q8Hk,B37Ew-HOTao,KvdE7QJcAfk,n7ypZRlovBk,oN6xMJCg2kA,ZjYVQ8yPwC0,Qli2w_Y1Q4k,q-2K8iaVdcg,Ld3nIFBDmqI,Ml1RS61pGyA,GpdinSudCsE,CGE09FW4lyI,9h1Dveo1SZE,Cjij2jWActw,1hji2eynBhQ,wjnjGOAtUmo,xQEfWGvHxcI,W4-I17kNA5E,zfyh8VKT4jM,un6i89ltk04,5fAHNF1Uyi4,0BClX2fC3xY,5MeopXOggyA,_t6wnOeNsT8,hC_03fRIeQs,Cn3lKC3g8pc,nzRTTQkay7U,6keiz0BoYaA,EDGy5qkIUfs,ZBqlwwgpIqg,lfxNiSVj4Ik"
UC-3jIAlnQmbbVMV6gR7K8aQ,The Majority Report w/ Sam Seder,774957833,1370000,22717,UU-3jIAlnQmbbVMV6gR7K8aQ,"Shzd20JbOHg,cECq8cMFTm8,6KjkG9nElyM,8G_fBISgQMo,ea2NH65Hdd0,Aut223uYSqc,DdtPwOECQFM,lRjeB3GwQyo,m2Rb8hejoXk,_TH3dOWQki0,Pf9DyD-08mM,tCLKtBGfY44,wU46ymXjgyw,LIzKSu0V4fw,Bf5lF6XGqCE,5To49wWjqIs,pP-sa1lH72c,zJvv89b1z1o,c9xmHwaN39w,LCleUeU576Q,RyNxPEBncGE,vKZKiu6St7s,qrXyaQCTyyo,lF_joEwPfhY,GJ6YgrjVS94,HqpIfH6ro-Q,8YEHs4CPD6I,A2mCE-WEJ58,hyDZeWwsykM,zohn0PDvI7o,QyppmRvcwzY,IyZvQ8p-4L4,SlI5tguWurs,uXwnB2KEBnw,wKeutlpJGqA,0cDUvppkUPE,_VRwqWRHAtQ,NIL1W5rbL9g,pPmNN__GZyM,Jlrahsll48U,Kio7ET00yMM,6Q_Sk2_UoO8,iiyHorEAGno,hLj9Ff-jbgA,sPhDMR9pSlg,ZQbx3Da1wh8,EPrYyx91cio,Wk1S4zZEVR0,woPA8fX0aN4,ZfZxlNE_Jpc"
UCBJycsmduvYEL83R_U4JriQ,Marques Brownlee,3824959709,17700000,1598,UUBJycsmduvYEL83R_U4JriQ,"jD9n01Mck0Q,_XdD-TQseU4,VaV0Uk8eRbk,BS8x2TicxQ8,Bq0FAsWmOys,dxVaP0-aFIE,RlJYdxqPG-I,KZA_BIa8e7I,IbhnTf-EqRY,0X0Jm8QValY,cBpGq-vDr2Y,bDuzEwInD7U,oNCs4C2SMjo,piYf4gDthjY,305YfKMyqVw,enR58PYHaWw,ltpbEQA8Fwc,1EvNX2_4zfE,hRSMJGs0YMg,yqOuowxeOOw,nHkKJ87FS6s,zsxviDibcUg,VlIeANvowso,sdFtMRko2GU,sF9xYtouZjY,sl0UUhmaiDU,WuljKartv2U,pHhpXrIOwsY,UJeSWbR6W04,Eo-oFWyxdUo,IJm3UHjs8-Y,JzpUfRv45yY,5LWDl5qaQbA,lRUtHtqfCGA,bDtuVp1ywTo,6aK407STsGA,wpBu5ej7m8g,RM7SobH8ZO0,w2KbwC-s7pY,PhFwDJCEhBg,FNnK1J-BdiM,aTf7AMVOoDY,kvN5_GXlg2Y,1TCuf_Qcfv8,tciqW8VKfOU,OFvXuyITwBI,PCp1BmME6QA,8om1eJrO2lU,03OZsmDV56k,UXB9bnuyZb4"
UC16niRr50-MSBwiO3YDb3RA,BBC News,4845987121,15100000,19720,UU16niRr50-MSBwiO3YDb3RA,"148kUvPXakM,nf-um79l9rU,VPNM1_jKbbs,VbazHAq_j2I,rxx046l4IAc,0-ek-OpX5hc,1ps-nFB_k1A,Ch6T9oR6tro,DX4g8WPJqH4,Pi92Ix6xzv4,QiyC3NzwI7s,tL__ku9-4Co,bkSCcxcgH7U,ia_c1RvDp6k,L0w_ZywxQuQ,LyfGJsYiMvM,QlcVoIH3XZw,yNHNihiRdAY,lM3EL94UKDM,75Mnq8zvQ6s,19oLzl55iE8,kRerY-fNcfI,1k40bkjaIGM,jm31arjjZBM,yqcOrGy3OD0,3IXfRrpMogo,DJ1_Z244JiM,LSWilyXJ7bs,0k2QA9YFNok,n2pDoAA8kRw,C7fww_9dhyU,NJt5GLMgFxY,0J2YkN8JHjE,ahkeyw-FUlQ,YT9s4HAKPD4,KUVIoXY8NhY,sRpe160kgf8,VRwespR3ZK8,dlK7wOQojck,7fBbzfFx5cs,-jWrQn955es,clqHa1PP0TQ,Rbjd1tdL7xc,TnYmGynEkds,6H8I-YGElbA,e081ymmy4B4,27aCyoxkk30,HKszVaKhUko,hMEe8Mcj1nI,cSATDbrezNs"
UCHnyfMqiRRG1u-2MsSQLbXA,Veritasium,2261333568,14300000,376,UUHnyfMqiRRG1u-2MsSQLbXA,"lFlu60qs7_4,QQkmJI63ykI,Is2Lip1cJUc,ILgSesWMUEI,8DBhTXM_Br4,ZjBgEkbnX2I,FkKPsLxgpuY,Xzv84ZdtlE0,lfkjm2YRG-Q,DxL2HoqLbyA,6bgNm9l_3qU,tRaq4aYPzCc,ZMQbHMgK2rw,FU_YFpfDqqA,vSNtifE0Z2Q,rWVAzS5duAs,w7yFikRD_iQ,-UrdExQW0cs,g0amdIcZt5I,LCQu8EXiDAA,LY6xeFpBeMQ,uDeQB9OkoXY,XeSu9fBJ2sI,Ko02mUWhItA,rmxh8Nty_eo,vS0TuIPoeBs,Tmy7VYhZEKQ,n8WxkqMRgS4,P_MSlxczd94,TILjzuBGkRc,J_n1FZaKzF8,pXoZQsZP2PY,pir_muTzYM8,QiVgJPVKRGI,esQyYGezS7c,evUfG3lrk5U,nmgFG7PUHfo,NdWFCygzr8k,16Ci_2bN_zc,daaDuC1kbds,5eW6Eagr9XA,EvknN89JoWo,iSNsgj1OCLA,6etTERFUlUI,Q1bSDnuIPbo,oI_X2cMHNe0,IV3dnLzthDA,7ziWrneMYss,GVsUOuSjvcg,IgF3OX8nT0w"
UCo8bcnLyZH8tBIH9V1mLgqQ,TheOdd1sOut,4665800597,19200000,143,UUo8bcnLyZH8tBIH9V1mLgqQ,"sKcrsdvlBzE,5sBV9Fxf384,p2tPWRZcJmw,X5bBd5DpUXg,nEQHiJVH79o,PsEWRCYjwhk,nLncbh0k92E,KZNjf-LNe_8,1X4CBKibwoY,KCHT6a53OqY,2GGA4NlMjKc,36lbW0wSaw8,WhaTru5czpA,ElBxuDVfcl4,pSRnTBl8b4M,yc7HpIeCs2E,Xm-yXsm23_c,ORAipwPUdcI,lldfoaV9mc8,iYJr9pZxSPM,TEaT3SB925o,-FmwUjBAdN0,ChY_HMEVFjU,6eFk5LsiIA8,InAi4kLKtGw,OdF37JM9m-U,MxPnaMT3NS4,lW_-zpKU-cU,aeMDgX9jga4,tYx8qXcRnt0,OZ_O_RsYCno,Vk6CB2viTpw,-t8DRaf6l7A,M07vdxm262M,yzcu_0uPpZA,YI0yqcYLkgs,32AW9OtCo8g,6NbPb3S6z-A,nq-epMpa0E8,NIs2Ddj9LS0,RILI90ZIu3A,m2eNR7Wz4W8,3hw_y9hI_js,R84W2hbmaKk,VpJGGHTuhHA,rj7Yo4AvCO8,0SY3yZId1sY,nwOB5HE8qiQ,BxWw8AO4ZmI,SVZC5lxyz_Q"
UCtoaZpBnrd0lhycxYJ4MNOQ,HasanAbi,455773366,1310000,1427,UUtoaZpBnrd0lhycxYJ4MNOQ,"fhOA9du-nFo,K48SQfPy2Wc,JnVtpgCNLA8,aDE_ium8ugU,zV135h9-9jI,AZOgjNWiGOo,utTD4DsfYTA,cQchxlLB_7I,5nGwE6DBHe0,aLd4hOyDSNU,5tLwuUHjdOI,gkay6xCA5qM,PT_tNrH5j6g,bZq7tOGAkfA,xdZ-2LRkyGY,zJPLZbrTyVk,aHA7labQMD4,P228FLAZE9E,kHCibCPpRNw,PNbx558t9h4,sdq2W_DHr4M,4MhpD7rrniM,T8VuE2CCWkA,ZyKj5Cbb0Z0,rGdcirSrf78,jLL5nYRxPkw,lnNx2vrzqTI,nUDmO3XKe6s,Sy1dxyQk0oQ,mvWiiZ8pXHg,VagiHuhX2nM,5okAnBbhe-o,LyW5axhevwQ,ZU36wkSs4A4,-8OI4n5DCNM,Hi97ZJohtJc,uRUjPXzP5js,idzPHoo0n3g,EUwair8XSLM,8Zd9uB5jEC8,5GCoZCknfVs,4NRwENkxe7c,MpGjX3RfFiM,JDI0_zXIENY,kXljhdAW-9Y,V9njzR5tDuQ,puhOvOSODQ0,Ai1FqC6Jryk,hkcXbKLAVN8,8rBmTeY8iOU"
UCYzPXprvl5Y-Sf0g4vX-m6g,jacksepticeye,16448257123,30500000,5153,UUYzPXprvl5Y-Sf0g4vX-m6g,"1dQ10dI0USo,uye5SAhJkwI,Ca8ace1N_4A,rCLYaoSpY5Q,MYN6MxP68a8,uzPiVzT1-gY,AgJumADP1Bw,j7y99kABNI0,uDfRZVTCXC4,oJruMcXpeRg,zBFrZ36JDMI,sXPVq7xNPPo,LgqHqRjV1GY,EMRWbP5pAb0,X2Z0k85yROI,SV1TOdYUYdQ,8CCTIKvk-Ac,0lI52QVAZZg,wm9VSxiSEEw,_N9e88jbEfM,Gs9kfcUVZSA,xIllMchx7kQ,Qmx0L7_mle8,I9BsJaccRzY,S6T_S9_I584,9eYyf6TpP8c,WB021xxmlI8,rZwwnlS-RwE,6XmyctkvWwo,fbhOlozeHKU,WzL99zYOPCY,gayd8LgsQ-E,iUg_XmUzdd0,zf2yTMBfEj8,T2joZnmHzzM,guL-KiDYq_Y,Yz2LqDd_5LE,rlW2jXqfJdY,z83hEX0cCr4,ttpQcZibCfY,7bL4EQq_W4w,-QCBZMyFkmU,fCIWgnboQbQ,rCyAIKF8nA0,S28gVdy5ZQ8,oZVKTs112pc,tt2ZrVoW9BU,EtT-VhooPws,1LzBLuXHwXQ,6twgEtk0tsE"
UCoxcjq-8xIDTYp3uz647V5A,Numberphile,648752180,4370000,699,UUoxcjq-8xIDTYp3uz647V5A,"xV4A8oU3yew,83NFR7JDlww,zF814SmPY5A,4dyytPboqvE,hzcdcrsyA9Y,CcZf_7Fb4Us,cW27QJYNXtU,eupAXdWPvX8,EkFX9jUJPKk,ArADlJx7SlU,_ZS3Oqg1AX0,Kdsj84UdeYg,xBfAYxxRsjY,oSXVmuNIfRI,IlZOLwf87gM,qw2Pl_Nk3CA,5q32heFz1bs,NWahomDHaDs,WR3GqqWAmfw,rHdYv62F5fs,KNq0eUBxPXc,Sgupo9DLMGs,YAsHGOwB408,-UBDRX6bk-A,Uc0T8IvtBvE,DUaqiM1bGX4,tSuCa8zN4mo,ZdQFN2XKeKI,Bn946gIck3g,H8Q0SoKT-A8,CVOr7f_VALc,cdLXvJ8wFY4,NdnByi_tK6Q,0SI3_XbItHo,rBU9E-ZOZAI,NsjsLwYRW8o,jhObLT1Lrfo,nQR1NY03zIA,-JR9-dgU7tU,IPoh5C9CcI8,BvwgdrC8vlE,UDQjn_-pDSs,3V84Bi-mzQM,NcaYEaVTA4g,bylFzBxzQ9M,k_TEoUF12Yk,lHJxZ7JOEwI,33YSWaR3kAQ,p-HN_ICaCyM,KdZrxkix9Mk"
UCGwu0nbY2wSkW8N-cghnLpA,Jaiden Animations,2359522624,12100000,144,UUGwu0nbY2wSkW8N-cghnLpA,"OQx7q6mwkV4,3Sute3kqzo4,A7M7JWqi64c,_N8qNYcs0Z4,8FDKPMtcZ68,JkS1UGFZDZI,q0NpLeUMBx4,rC9GYy_0MOE,L52yC8fKi4E,2chxBH3kK7Q,JgspK2htDNs,9astxTYL_RI,95mBQv5wQdI,s3LkK7BuoC0,2Q-EaJspTwI,c5xzg9LZpWU,DPwA5VqDP2w,javzFEiQXQI,tJzeaRgCxWo,awqKxsgeKrs,uRmwqVOsg70,3cXql5BQHRc,APpGjYRG9hM,ZBM_1dZpluE,CVId0D9-WAE,aMh4VQBX2Ig,v-5QxyBJGMU,OdAwIZY40ak,byO02R1cQsc,UWeOuxpQL7s,Unw1dOBHjpY,YLOS947rcGU,IpCy5vW2Ej0,_OF4hCOnj78,_LZWyH0yA-Q,RNt5MctYXFI,O5u3enTUeCE,fxynXSWtniA,HGP--82IDVc,bEKmOVP-SOI,ZYnaQS3ezzM,e_8-EDZUEp8,iIaJLdW0bLg,dk_Q4KPBqXg,mfbfT14bOjc,qF1DTK4U1AM,HePvLYiZVko,X0t42rhWKAs,FQMHYbWsRsk,IGf9jAank64"
UC6nSFpj9HTCZ5t-N3Rm3-HA,Vsauce,3321942115,20300000,487,UU6nSFpj9HTCZ5t-N3Rm3-HA,"p2tCPVfaF2M,tBFErdYD1wU,FzFDitjyD0U,NShBkCEfPeE,-URHimp1bJc,zjIE3S1LeD0,4Nv1qRjJMII,jqoAqJG8WwA,A35B8F5jBp0,O2hMIsSl93E,B_pDZi0kxKw,mQuvEHEARZg,IoKZC7zfdEA,jEIfKpzpo54,7Gq2k2-3SEM,_Na3a1ZrX7c,1FfVpblg5Yw,t-v90W9n6mQ,asTywgpiSkQ,zuhtkPLQ-zg,LnxV2DnCfB4,ffxOWSvnonQ,dTG8VKKU4h0,fAJHGb016CY,dzQgiEOjflE,3oFq6cqZJ3w,zzCpwx8LEL0,OiUdSeinSz4,xkGjfoQg63Y,aHcVmjhTqhc,HChm6z34-7M,VQGHM1gSDe4,u1WaWTyWXRc,LR3RwzSVmQc,SRKXSzbGUm4,s2a-DsX9Ezg,gxwOJlVJBKM,qrWcjTSV6HA,Xed60vrCuVM,3ipFdRfFvK4,ku_porh9gNw,C78GiUCKF9g,-hzue8KIS9M,wx4AC_QfdKE,PWD1WdIvT6Y,iUdsyZtITfw,QK-5rX1bUtA,erAuinBotBQ,inG9yUZ5vY8,EtyvH6XA_xU"
UCWJ2lWNubArHWmf3FIHbfcQ,NBA,12863463913,20900000,51956,UUWJ2lWNubArHWmf3FIHbfcQ,"4efW-WC8SCw,Jdj3aevsDtU,DdGvmaSLpxc,NGEkauw6H1E,WNYoK3PXDEc,dDN0VUX1Irc,8WNp-oVQOCw,2Kn87rbEtGY,3VZTHky3JTM,dKMwGQvoZw0,T9MYjgmROf0,mz6m_9T0gQo,2Fh4agsU-vQ,BCl45NEoQFk,Vlg2XjpaSTA,Pth1gX0Qlmk,q_ygGfnFzQc,_SrvFo0lzUU,bDrjAMDeQVo,oENEstN-xWU,DZ3RVXc8RT8,0EHX49cvvZY,MZ9nriO61fk,o0wdAbqNh-E,G-Bdl-0tMAQ,xn0N9vHSf-0,b4LIrUrKRZw,KJ7_YefslBU,2NwoYz4tNuw,96SHHGYsxiY,Pz3hoBYVDUs,gWU15iohCxU,2d2oHENffqQ,UY0rX4k7Xv4,iYaCVg-G2pE,TPJUhh67Iv4,Vr1rSOiwYjE,XGlNrPlOyGE,G2NaO22289U,stpkHIlXye4,brVBbS7BbiY,4dx3Kh7nEpY,T0CFWsMHHT0,FepSl8sC6zI,BCBM1qJl-Ek,nQRIcIWB1vI,s0oLSaKz8BA,E3xAEeB-mNo,mrw61wJmz9k,EcyIq59G2k4"
UCHL9bfHTxCMi-7vfxQ-AYtg,Abroad in Japan,457315746,2900000,264,UUHL9bfHTxCMi-7vfxQ-AYtg,"NhY-3YXek44,POdBdxLsSDE,Z66XK3zu5Fs,xYmiU5PSyE0,6DQYFfO7BQk,qy1E2I-UlH8,gm-xCi0HLCw,GdWShkRaOzw,Lg4wxOeZTQM,bx3gFfYDsYg,OkpH7sQXBwc,iA5MvmZfc7s,T_fYI4Ksz1Q,zjmCkr-hd50,R2RJ91R_AAw,Zzpu24JveJs,EcZG5RfqTdA,VY5uZWFc_UQ,DdSuBlT8Iyo,DMw3OttWVvQ,ACmsPRWxA2o,qgYZrPf5kgY,mJ7vQo7Ks3Q,7GbIjN55C8Q,MBr9bOKPUMc,1u1jbyNzB9M,rImHmkioSXE,onnkLQPgUEM,Og4GBEiIAW4,NeZUOFKOUeI,QBUznas5s9Q,yKFVogGBZPY,LNzosEKvl1A,ZpIVXapbe08,24RSjPdcT8E,SBqCL3AIRZ4,UEJpDrXuP98,7i9KC7yzweo,TlW1tN34MZU,DCRlejdOadU,AIjVEHF4A2M,04_f8TOIXtY,IPGLhCq2RNk,NOzd7vFfP0k,OtCu6YNWeX4,JpgXdQ0QXRA,j3ti_M2a4eY,9SbuBy562YA,LUjbndcQWXA,6SwvtBxxp2w"
UCiWLfSweyRNmLpgEHekhoAg,ESPN,11533386607,10600000,71737,UUiWLfSweyRNmLpgEHekhoAg,"JQAAyuNZGQo,EfB6tv7ND4w,waq7HohZJDg,Z05SF56lCc8,3iaDjkKAvlM,J4UYb_Zv5RM,OtIhCBVI2PY,PoWZ_JJXyrc,Jyw0X1mV6M0,qcHO5Bjwaz0,4Zw_fGIaux4,VZpOWFVeSHs,U7HCCY4AiDw,JBgIJOIkxY0,KkhubX_kfSE,TbmDMKvDROo,-0IVqnHXURw,k17zOQeDzSY,SC-nORCLwVA,OBey9cE32zw,I6Ndc_hoqI4,VHyHXeix4_I,hmutGf3nTo8,yLNBQjMCVfU,oNB6BAbhwU4,Rxfkebdm5sM,JqA9adoHeyI,wNKaLGkvnlE,GmeQuPFc1iU,oYYt6skHzZA,HH42AC2-rvo,GcLiEQLN3GU,xb9TilXlpvw,Ftq54AW-hjI,gjpxcARQt68,o6-mlENsatc,A1R0VrpB6Qg,uLo6d5I4LhM,1fPrg5eo67g,esORnKbVpWc,oz99Xb8GI_c,qjQI7EUNCNc,57bwyRCOlig,QythgTj9MNo,_y2r2oEyqOA,iGG6YC4tdO4,dUaO4UEe1mE,uInA3C80q0c,fI8FILBmf8M,GmNcgU9wTt8"
UC7_YxT-KID8kRbqZo7MyscQ,Markiplier,20647945718,35600000,5520,UU7_YxT-KID8kRbqZo7MyscQ,"K6EkeCKUGmE,Y2Y2Wm1yLFA,qQkflGiPY2Y,qh1E2mHwMkE,O-5BmqCBivA,x8E8Ryx49so,z6FOMX6HD1I,plmVksx5M4U,vVlaIT6BoCQ,Q4_JmPQDdak,Wy19_DNhMkQ,FcfM8KMqlew,vJMHlQIJvHM,r36zLaNsF10,04eiGamSDk0,_sZBIWWPFUM,J5aUVxsLQkY,9DGNyqwKKjs,vrKCAUgIHxg,t1KNivLTyXc,0_LvWU8JfbQ,Jqf8Kg7lABM,3HOav96sQBA,BZQLUxMFZG4,PJg_rnK7TFo,DLk7nkxgsq8,qHpLCsZ2fTs,nPl6YGB5Ik0,Pqbwj386aj4,UAr9Z6mduPo,fWsTzkC0Clk,MGC9FrJ6F1k,h5NrSbOh58U,ya6XedyPTvg,QrPUi_NyJg0,c84Xnov1kzY,_29cdG-6Q5o,XWF6JihC1nU,qquglT7Knfg,Yoka6NaT3H4,C_dH5mjej9k,YzICf5HFSYY,Rk83Wt7FH_g,1U_WL74lV_s,bXlvvlbwFoM,8lSoKqiPXK4,WUgOo99I9eY,BShP8n4pHxk,5kjxb4giHRk,OFxTS9RbOtY"
UCX6OQ3DkcsbYNE6H8uQQuVA,MrBeast,35461276601,204000000,761,UUX6OQ3DkcsbYNE6H8uQQuVA,"jGAJCAuV3pQ,c0v8OPItCOg,3ryID_SwU5E,IemzxkkzI5s,3OFj6l2tQ9s,bvlFjrcpD6s,AZlBZuS4hr0,Gx6VeIIbWwM,CAOY8EKH1qU,IQxea9UB1nQ,KrLj6nc516A,zgLhCT7aFCA,L5kIXRdwGAI,19NmWqv4Alk,vBpQ1SlfVtU,NnNZLCl78Ao,NTZhwAldqwg,J_z-W4UVHkw,mKIhHNznt4s,jObOjhUkf50,O3YVBJ2n5xg,yhB3BgJyGl8,CP82DAKzL1U,fuhE6PYnRMc,stUofW3whpE,48h57PspBec,ooAwCOP67GQ,FM7Z-Xq8Drc,WTOm65IZneg,8kggT2ej-lo,GGBy50KtvRk,Y4-gFIfGXiQ,1WEAJ-DFkHE,Y0cBiGUuB1Y,YLt73w6criQ,lglIQkCHO0g,TJ2ifmkGGus,7IKab3HcfFk,h5NvTTOlOtI,se50viFJ0AQ,0CTp1a-aCUM,FD-0KG-h2-c,kX3nB4PpJko,YlvcFJOE-OE,iogcY_4xGjo,S_CUEOBZ0P4,gHzuabZUd6c,65fN_OUawjk,jdMNoQE3mIQ,2isYuQZMbdU"
UCJFp8uSYCjXOMnkUyb3CQ3Q,Tasty,5899523335,21200000,4894,UUJFp8uSYCjXOMnkUyb3CQ3Q,"dMdyysfv01w,rdVaPGNImY4,tTf_PhkBzZg,4sR3b3EoM3s,ZN6Yr_DbNVI,QWPOSIQ_bW8,gIcKjgj3zrc,EQiwN0NXOe4,XldEHyQeVDk,6JQ120hitN8,HRs64bkSARs,MgbAbTtbkHo,bD5VKhmIVxQ,2norniFwPsk,QADjCxsqeFc,fK91_HRq3GM,9JTQYVV-IUI,UgFY_vCbqbc,JruH7tfhiEE,Ey4K7jFhdEI,SauymNQDWZk,teAOzuVRbNA,Uh5OrJeQqDk,8dh0DBWbJxw,eVjc3kiFmNg,HXEHx7Uc808,S768Dz4__KY,ENLMPMtRdNA,BeN8BSXFgqI,DMCCoU8ruxc,HWogVHfS4Fk,rUc0nJLQo8s,5TZj1zCCoQs,VGyHjhNFCeM,jGhSho7Kx2w,fGuM1xpC7zQ,pmMRVQxb3K4,6AX8ouMNVHw,DXKD7a3G9S8,zXqYJExA5MQ,iDH0WEGcuZI,6DkS51N0c50,rXhvvKHml_g,fAG6K0vruAE,RJdnIsRKoV0,2WHGXBQVZmU,FtUBVF5lR60,nNOfBDN5YEE,v7gWQMCpWZA,toTEptGXNTs"
UCTkXRDQl0luXxVQrRQvWS6w,Dream,3059425504,31900000,118,UUTkXRDQl0luXxVQrRQvWS6w,"iWTs1BWCqrE,uvebNBKOSTg,EKUMdQjFKgM,_BZIxt07UNU,fFCzRv1yLlQ,_GSc0ldz4TE,OsdQExBRPqA,CtpdMkKvB6U,wwkH0prchjQ,C6P6hrWyidA,cIY95KCnnNk,_0MXhG1shEc,Ht9v8YLy-O4,44wLAzydRFU,ss-JeDZY_oE,qqOxkuO3ip0,FXcLiqIKdmw,RJ0jdO5ZfU4,cT7wOSOZVoc,a8ds6SnOGow,k4v6slOxxXs,hDkuUZ3F1GU,R7klyFU_6xM,Sxgj9unnN6E,zwk1ss3QKPE,CrtuA5HWFoU,mltj5p6l1-8,7BCojznmtRE,tylNqtyj0gs,UHAvoyIptN0,Y7t5B69G0Dw,V_7ZPYXg5-M,Ds7dX5BtCUA,bOOfg7d1b6c,hgdSJdeGF_0,sJW4Le1CX-g,-As3w9Hhl88,RTXS4MMngnA,baNF5qF_gdo,VSNMNM8Qouw,3tH4dyOPZnY,MsDhoUEa6JE,zEmLyLBEQHc,kygSV5CJkO8,p34C7fNFgTA,KjRfXURKAx8,O60zJzhYGEA,JVih1OeNMPs,fj28UtF0-Fs,1dwDlZy9fk8"
UCX6b17PVsYBQ0ip5gyeme-Q,CrashCourse,1874298378,15100000,1500,UUX6b17PVsYBQ0ip5gyeme-Q,"YM6Ekb5De2o,4mxJbgdiyIY,WAUX8dXu6aw,4joZpdXeS4A,i-VeKZeyHZs,fBOrzQP423A,eLt9itd3KhA,2TSIUt-lHyo,FlkHfAWadaM,IALw687nswo,oZtUFJAJ3lU,HsAUGbUgx6Y,b8avl_V8Jbo,Y1mPWVzaGQY,5ryUVuISxzg,KfHYN6tZnpU,Ox4bHA9fGGY,yGYnwMSflBU,tnIi9fzXPXk,usKrCTtArNc,aO3Yp45zmw8,cjR5zPrVjTc,rrLZPDGNr6w,ciGqnGFWqBs,rgZhDoPgzK8,WzOrF5W4l3Q,pqosCR6J2qo,xOLcZMw0hd4,tZE_fQFK8EY,y9BLCfcUcFg,9AEzixu_xZk,PWGBqskV1UQ,2th5lAd-77A,WACSnwKby2Y,3p51wKUuwOU,ML70W4O6F4E,Z5YvjG4lTpQ,7ODrQW0vSmA,eVUuwHGLIYo,bjIXPPlg1TQ,1-YtC3nwWwU,3yH5TuLYRcs,rDkaZWirNME,pT7vRUGeEtA,Q26Z4JWVZvk,9PFhrpyWV-w,dhFlDkES6Ws,i_OU4EcWQ6I,VKWEwBxDd9k,VmqZvlj07-w"
UC2C_jShtL725hvbm1arSV9w,CGP Grey,954264728,6010000,184,UU2C_jShtL725hvbm1arSV9w,"CHHRnkkGNyc,PmWQmZXYd74,bgR3yESAEVE,l4w6808wJcU,BHMF-FlkqPw,U0wTDK0VOeY,jfOUVYQnuhw,Aw9M7dKV0oQ,qD6bPNZRRbQ,8Fn_30AD7Pk,fSwpe8r50_o,d6tgmGqXysM,qEV9qoup2mQ,9LMr5XTgeyI,xJmVuW8atO8,_8xhdL8BPvU,-FBwZtuJtMw,pUF5esTscZI,qC5h9zcHmPA,FWP41MXLMGY,gqMxf52CCmk,lvdlzV69IeY,thOifuHs6eY,boezS4C_MFc,dDYFiq1l5Dg,t4jhoU8QCbw,SVmEXdGqO-s,ALaTm6VzTBw,ua4QMFQATco,ufsYK3Eecw4,PCeMCwxayp0,COmW6r23zas,T0fAznO1wA8,3YFeE1eDlD0,ABMV4wXx6Xo,snAhsXyO3Ck,swx6VyiJ7TI,hsWr_JWTZss,rbHQObTeLDM,NVGuFdX5guE,DIssymQvrbU,kh88fVP2FWQ,tUX-frlNBJY,SumDHcnCRuU,LIS0IFmbZaI,aN44ETT6mUY,Ex74x_gqTU0,gaQwC5QbLeQ,_naDg-guomA,hvt5xjZTN1U"
UCqECaJ8Gagnn7YCbPEzWH6g,Taylor Swift,31372088899,54600000,222,UUqECaJ8Gagnn7YCbPEzWH6g,"xB-RZqcoIgo,GBb8vC0DeXY,KzNLM4nmRak,US0OipWyYro,KudedLV0tP0,0FZULHCZKBc,okPrv0o_7GQ,lVkKLf4DCn8,vO6JqQpJboY,maEVfpxDB8k,idWma942CUI,oxNLRqMJMZk,hMPK2vNXr-E,qc2Z-OX9wnc,osmzwWw4RYM,UlFrV5GJA_4,pRhWAXg4xek,igIfiqqVHtA,jOD86iMAEY0,V80A8qN4fR8,IYqgVYjN3Go,EH70M5OeS4o,F5TMU6916U8,N-FYySSy0rM,Fn0er7H1Dm0,PH8Uc0Z_KRY,JlZnvyBqceY,8AR1dKawCi8,4cC6fw8EqWU,6-x1AlDudZw,yJTfs8YS2w0,XzOvgu3GPwY,_f4yoKJL7IQ,Hoi-PI8QpTU,2CnUYMmEHrs,YvyeAwoZ76w,anqxTwGE_nQ,kE31ShDEOwg,nfFujEdM0_E,ZZtamrXjB_w,pCH19_8E4Hw,6DdAzVDVBpw,h8DLofLM7No,HqDZxtMIx0M,M0Ku_op-LXI,nF4Jc9sPPug,ijjGqwdXa1c,eSLO-HpSWD0,uybMJ8cSWtA,Cd3v_pRgOp8"
UCJkMlOu7faDgqh4PfzbpLdg,Nerdwriter1,235521214,3150000,283,UUJkMlOu7faDgqh4PfzbpLdg,"gfpSSz8fZrI,0_4JkQSI28c,l1EaaCeAYFI,xC-cyrIq-qI,WEm957MojS8,RP_-8gzd5NY,PeusvKr7dnA,RhwAXc2YvPc,22osQzxenl8,tjLk5pNn2Js,6kfCkX7jAbQ,90hpwMFtHvU,AAwbvGywdOc,MN-1jdFSDs8,S0C62-HzbwY,ww_lmtMpfqE,_RxTZqhmNZM,jceCjCJlbi0,PoV9JyiUcTs,r20njl0plVU,_jqGUJWiCyk,qfxvcIITWIg,C0AjW1O6SXA,pUs9A10WbEI,AAHLBjuERYc,ZRLcZTr6Z0Q,-H1c7C-hyAk,89XKjjsa7PM,CeG0EWhv38A,_FJtaBg25xI,tREOeneo7gY,VNxwdkzEM1s,NNE-YaIgdzw,N14yiuJ9v-o,sHZ_6Ln1OO8,cztCmNSVS3Q,FkPmiUFZyu8,dcVOItrZX6U,rLSm2RSpVKI,R1lcb_7gj5k,TcfZCCm4eIo,dVs4-91xduY,Z2yZwh_gCIU,16S2lQn5xgs,gAN9pBY7jHA,ma1rD2OP85c,7oY5WNAgb90,UrqejqX44U8,REhlyvtiIhQ,AcZ2OY5-TeM"
UCsvn_Po0SmunchJYOWpOxMg,videogamedunkey,3813913554,7430000,820,UUsvn_Po0SmunchJYOWpOxMg,"efgBO69P1Kw,P5qUiTBocm4,7GUnZEr82rU,TRiOjUh6DbY,kAIVMhja4CI,B4JWMxV8pz0,Erj_sp8KObs,L4xwfHR_8O4,_e8sH65X-hc,WUNjqt_pgPg,Kw51fkRiKZU,zciIG2b3SV8,AhoQ96DVL4M,iUMgIPlWHO8,sZaKNXNsWWo,w0acyYZAfio,VyQdn5bwF_Q,lpFXlkjAurc,mddj9MvvmOo,ML37hWDdfRs,OuJ4Uisp0Bo,iuK3dS4N2_A,sKF8nYGx27Q,0BqgeI1YsZc,kab-fOsrq_Q,Z0zxlh63RtQ,iyFl1_ZnWfQ,3OV4VaNW4FU,5jUcqskbOj8,x3m8pSu57DE,wOz1tdqVvKU,XftJTSLyMNE,21T-Sc-TXJY,ey3hbsynrPI,MKjYYsZzyGA,fDRFOYRTT04,IwEyob2jmXI,-x7g1EHdjvc,jXApEzjZkl0,sbcrJ7PDmFA,zBGNPcscuaA,8DmXxuFfhSI,k-VgRHXfmHo,FGKByom93uA,Spi8Pfg4ozM,wWsFgl-P3xg,z3DTWBVJBpo,PEt27Jgp8gs,YhE4q8OmWs0,nlLT2SHL_lg"
UCt7fwAhXDy3oNFTAzF2o8Pw,theneedledrop,974741920,2790000,4250,UUt7fwAhXDy3oNFTAzF2o8Pw,"5LmHrK6zFEs,z-dU9YbWDRs,Ida0wl9xicc,jdW51IvvIg4,Nnt-Amdx3XQ,3YRsvxRsz5c,lKRBYmYTUDM,tMrWohSOOPo,8UtKRVgItYY,SDYMKo7f58o,2eaRvTLrhks,AC2M5CsIYwk,Y30dGj6HqeI,Xsgh5p4psfc,MmkmOMwCyeI,6o78cGCV3nU,rysFB-kn70g,NYP8y1yYqhs,qKDbQk6ZwAs,L53dwIPTFLQ,wC0tlVeJcjE,6mh3CXD_dNI,FXJJJjAtrPg,nq1cg_znrvw,DrQtm9w6jfk,dEu5qoKou90,ta27sa4gKiU,vw7b7Kjmsx0,nMhOmkDuQjA,MO8kaZPTaZ0,pdCgj5ehJNs,S6ABMo4ku-s,iixeWvFOC1k,Ga9d80ugY_M,4GfVnm7Whx4,j3Zg9g08gkk,XGJR_ViIiho,slIwsBRpJ6o,pxScaere8OU,ZcIz8RAFBOU,AK7UigYtL_8,jaxut36j1qA,gJPeo9Sblmc,fe8qIlcOpm8,KsC7B0sclpQ,uCX9A3xROQo,uR24eoIZunI,jA7CV3s1Lg0,wQp2syFoaaw,DlfSr1gmHzQ"
UCoal_hpPIPAnWlG-kWHLheA,Drawfee Show,413299981,1850000,1357,UUoal_hpPIPAnWlG-kWHLheA,"dPQXoi0N3iQ,AGF373rkHKc,GComP0iGLsw,WLcMyiB2FQk,gmTr_hCEjW8,O0QJvMnNeEU,bFx3TkWCCig,J7SO0tkqYcg,JukjwmAXSBY,ANrQiFG0rkU,Q8QxkcAxWwM,SrSMwY9Pw3c,OIkGDD-G4rg,wqJ7c5knkbQ,iZfCkBKDwMk,AhqONhHudUE,1oW5MulGFWw,19uqc-gOdLk,QyP-8Fqm39E,VreRkhIKHtk,HF6tIclMzlk,cxCCEBlHq7Y,PR9YJETcNZg,06Mf3lzHO5c,MF8YiBLrG_0,GeJRF52rmHY,xvmgMzpiPY4,bpBrL9LwB4s,SIBHKsTq7U0,7kJe2S9tSuc,s_WfDpZsAGE,DbbAKjjt-2s,6RE93o_wMUE,dkX9Ul6kywM,hfoQTpMRqtw,BwYKIzsORCQ,HLG09i1izNQ,_62UwbNv0gA,OMIEYi24qsw,nvaRQ3dg3e8,sUKewnKeJek,rM6yXAPoT1E,UlwuPnXPkt0,jfXHIsIuDoM,3iC1vsRsByA,XDW2nVqUOd0,xDdFQMprV7k,OHdm0pn-2SY,AbaRUgWpvp0,3J7bosj7sXQ"
UCY1kMZp36IQSyNx_9h4mpCg,Mark Rober,4096509664,26900000,126,UUY1kMZp36IQSyNx_9h4mpCg,"DUIjzXxUZNQ,9c2NqlUWZfo,jq8JPNGzYd4,fltt6z6pcx8,rWMWYrcwZWU,lcIObyvI3uw,0ENZe0ckmxA,md75n8cyenA,-K8xL6laeEU,1UTjWy-vnOo,D8Gz_uOBtG0,T9xsTO6ujqM,eMeRRgeS4Ow,mWDLkNsWjgg,1g4eGf7394I,uXUKVWV7FOQ,DOWDNBu9DkU,2JAOTJxYqh8,iWeu2dxHRDg,DPaWiXZmcb4,BYVZh5kqaFg,zAwo5RqhXB4,lg5wznn3IBE,Rsxao9ptdmI,h8g9wfI9nGI,xsLJZyih3Ac,uBEL3YVzMwk,QiKZYt9070U,3c584TGG7jQ,pXDx6DjNLDU,e09xig209cQ,8HEfIJlcFbs,VS6tnF31zr4,DTvS9lvRxZ8,5J3peD8LZ5o,ybPgmjTRvMo,VrKW58MS12g,tH2tKigOPBU,P_6my53IlxY,h4T_LlK1VE4,9e9D7ABgHpU,BHiWygziyso,vePc5V4h_kg,hFZFjoX2cGg,3yjcqsNNa24,nT6VWmeFIkc,DKHEanz5ayM,00aZJP4kmK4,zr359AIjU2Q,3FRyPjUlQKk"
UCkvK_5omS-42Ovgah8KRKtg,jeffreestar,2582958050,15800000,432,UUkvK_5omS-42Ovgah8KRKtg,"ZbktVQyUd88,wv-BbSdZkLo,EGQpYsgUPgY,3jVZg8VWahE,Vw1ZW6JufYQ,Tcn-Z_gvqT4,EyqwMvp09UE,NtXAdHqAi9E,Qlxe5a2mXFc,cbOrT2JOT60,JbyGgiNY4tY,5XP_6F6G2D0,zCyh-hb6s_c,ofnLRk6rsys,TyZKKAySrdY,ND3fy0GFBhw,fHk-_GU3PZs,9Q0IuAmBBpA,OiDXZlvjii0,FNwr8CHCKNA,kLfBA1sZaMU,DsY5TEgRdgU,fb7tBDWfvTs,_4cLcPPMNWA,LnoEaI6Y2ec,gsA6_yLOaoI,g7yKe_W_nRY,eoXL1IOVWGc,woTb_oAHl2g,iKZaw4wFaZI,sI6EhfwnbhE,XiU2YQgysGI,BtHhKiQgdeM,jVBb0lpxxrY,AKBF-jeOlD8,rsPo__w7r70,sZvFH15H270,BgLLwyXn0CU,Yu5y0N6ZtQo,4oEwYP1nR6I,jyihlY9lMrM,umkuHGNTKs8,RfcY3J6CjgQ,4Gz3kQsWm3s,kJ6wfmHp2so,XGqXJZBF2hY,x2eiJIedFSA,_uGDRYqhRLk,qDFjsMFojzs,GGEBtW2mWOk"
UC9CoOnJkIBMdeijd9qYoT_g,Ariana Grande,24426436772,53000000,154,UU9CoOnJkIBMdeijd9qYoT_g,"wBWK06E3oxw,TSBptom8bvw,NaZXwYjal8E,MDea45GRuwk,NN9aqmCprSo,zp8-BhMCnTA,piiLZJNKRVM,toSKi5mzY9Q,hYhIqVKtUL4,WWf4q0R6HZQ,Sy-uZRmOzU4,HR0HUFWoyL8,-ageLu8V6FY,8WsWi-BDaug,yka6mulGMmU,1eI5HrQe0Fc,BnyvDBGojoQ,X6SuW5HhQoc,VronettmNRI,RiM0moNk74o,uL52DajINdY,F6OOVNethn8,dDIJBIZtTyM,ZTF6vF7nHlM,r2XJ9P1NvJc,fLFvbwrWLQY,Cvofj7K_5Iw,Yv8Zih_Lt7o,djpz4OdGuJ4,cylK0XOJsPs,rFA11HZu-RU,-pvTDf1Eq6M,1zNYZd94ui8,5ahkLW00XTI,ssq6X6alZ3w,4yf-PZDQ_34,oTU2R4JRGQg,B6_iQvaIjXw,H5KCHzVnyFQ,u7GAXfrajHc,nQJEp-k-ogs,dvndP8di-Uw,LBBZeJhteRE,Lj4-SIa9bbk,zMEzD2G2IKA,iyOSupKevog,cnyCcF20pRo,9MogWz-LHXI,A3BuLzTvo0o,MY8K95oaexQ"
UCWwqHwqLSrdWMgp5DZG5Dzg,Troom Troom,10514673649,23800000,2560,UUWwqHwqLSrdWMgp5DZG5Dzg,"abLhMkMOtMc,EqSrSX2s8X8,E8M9X_TfMs4,CgBbIJBB-10,y1EBWU0nRBU,1Jzu2qovzAw,5YyAUlf9mRI,a7H68-V7-5o,lbIDCCvHVV4,wsJTrEWptzQ,JG_6yUaEuoQ,Enjpa2A2pWI,qcAlNTUibz4,fSXwOQsN4WI,DyiItj2XbvA,0hmt1e2mLoA,oUVRBh7HN9c,dPbLxOz767w,jGS8CJtrGHs,Y2ByZ14a3Xg,ETQo4u0LDpE,5GFunML9Iy4,aQRkjJRMhz0,68LaKtot878,_8_9sxDsW8Q,cixcAMYMTp4,EX2NpbUpmo8,_muduRz4nY0,NwBn4aVdgFw,2Yiz2NersGY,ohSg0qmXd6g,utPBhgu3N2I,YPrx-p6j4rk,fU0K9OJquAY,ZHhN0aiYrsY,nzLAuo_vCBo,bftO-kTRPro,gRnJk5QDK7Y,tuZnLQhRsRU,I31NnsdGpYA,QnP2mPrkloY,Ro3Oex5FyQg,QhQ-aZZuAD4,_J0q482RlY4,sNQqHU4Tog8,sZTY54r3ScQ,F_I-dEDBhCE,CLVc3jeEi7s,QRsy0jKHx_k,oTvGsEHZQC4"
UClFSU9_bUb4Rc6OYfTt5SPw,Philip DeFranco,1928011589,6480000,1748,UUlFSU9_bUb4Rc6OYfTt5SPw,"sO8HD0YxNZk,j110aDhWHyY,KFbxSSz7wPY,t5koy7769z8,PC011SiPxzQ,zJdr-DLoKLA,Ko3XOjFo-6g,lE70TuZip84,K-T_rer24CE,yy78p9Qlkzc,LaI3lFWgl_A,d7dBCXZciLA,mpqNn8NaPCY,MeVWAurJ2ps,Ywra4ho-2dE,hIxryOyDKZY,mb43xFCnFnk,1m_10xDZupo,oaJrVipYuRk,3-e6SJZsXLs,SnGaLN4JC-0,7PQ6Sx4pYMc,ZxIRBo3I31I,C0gIuhlrb3I,ezlaFlqKXQU,R42w2HpPyJ8,XCMJizsqPfw,rVNgJwyvu28,Bao3GUzp2Ao,P6Q3QIbru6s,rlqDtlL1OmI,LxR6WLZHq-8,4OCaX0N0bJ8,CQi1ibdlig0,Dt-rYPCi2Ks,wvdms9Rkw5Y,sQRVzGMicfM,cbhaakyrbxY,jlIyMJLv14w,YYv9I7JzXEM,OaCarcKyOGg,EjmiSQJHqE0,oKJohgT5xR8,mIa9qCrOyX8,SV-4-a6Pm8U,X4WnAEONDlo,unnLIQvQn6I,038t4ALkxH4,JMrP972R5zM,0ZtRB8UbUws"
UCwWhs_6x42TyRM4Wstoq8HA,The Daily Show,5405189122,10500000,5405,UUwWhs_6x42TyRM4Wstoq8HA,"vbCSiHc-szY,LDPFOVvSFDU,nMKL-LyTVn8,6FpfzjTOEsE,dKgpuUt4ef8,_J2G9a09ato,Fw5l_w0xUAU,E0cHXUnItgM,_RiUSIxNe2M,SrfRFmPGJZ8,NfrKJbRuqUQ,Ht64T0eWNpM,d1hW_yt0IGw,eDv3H2R4sBU,SCBQCOu0f18,feS5nRLb8Rk,yAmYLy8JfPc,HCPe0Dxh8RE,9T80GK-koec,4R_1aIixKGo,KPB2BHW9FYk,picfmk1NU3g,mQDCwsz3K78,_qSQXzzJGO8,GjJbWwg1mu4,2CYaiSoxVvM,KpdBaNie-iQ,SXQRiR6jTR8,Yl-Or-sgHqQ,IKgbmc-dTPE,zXZx5nLR-H8,R9ejzN7mMbg,ke_N2A0WgNI,ayRi8Xf5CIk,GbdtFXQVwiM,ZiM8TT6H7mA,MpaAqqisKw4,KoA53GRV6RU,v9NxS0wh0mM,hLMq__XjRVM,ZBiQU4Fr4CE,l4emoGmxvEI,icyeiB0gmGw,_Eng0U_Gfdc,2sVsr4QpT1s,TjtRHBmWOb4,XKDVH_L0LC8,4pKPxKNmOII,MMGJmEKrM5k,FGBNTspdbLo"
UCoLUji8TYrgDy74_iiazvYA,Jarvis Johnson,239388514,2040000,146,UUoLUji8TYrgDy74_iiazvYA,"KW64FiB0ITg,Gw_r47vQ2Sw,SUGfvEAlvk0,2wM3pf79QSk,S_Y6Adi53lc,Cz1s7Bcr-OI,OfzIrqErDIs,HxsV_cPjPuc,me51ngAYAI0,ohYfvC8wjSA,YQZL7gL4KfQ,2Ei6hWcdXEo,EgzvPRvA3fM,ajjGbRRwuww,Mzm69rcmyfM,SxfZLvUe3BU,qt9FZCQ1n3M,4DfCXjwQBRA,Lh5VblBaRfc,SOa7ItjO9VQ,rPExiTCnLio,zG9f7bkyl-4,XawmVUs13DE,vSmFUVyEn74,hcfSilKaIPs,-4lc3CG9_gg,C72xjjbjIeI,TzLzMjx5Zu0,n9_KeIfJdPM,1bwdE0HZuaU,d7ShPtShl0M,50ZQhCMvbhE,Nyk5CKS5QA0,BMICSZa1l1g,fgNRdfXGdS4,6HsC9fNcZE8,HpAw5EtUwjc,8QYHVnqdL70,TVU1FINnHMI,Im5zHZV37rU,F5EfFkTD0xc,lkmxQwbHybw,nMG_KN7GMXI,KnS0Q06E17w,rMimQEhClJc,VDJzxR6B15M,jB1QcE8DW2s,vVhymgjx_5I,1GSm-ek6yPs,6Y2JOcZ_x6o"
UCRijo3ddMTht_IHyNSNXpNQ,Dude Perfect,16674697235,59800000,400,UURijo3ddMTht_IHyNSNXpNQ,"ZVPpl_sV97U,cA-DTIpVdH0,UGz1AbmJIuU,9o__c8wNd3I,IVQ1bPX1m9U,0xSUlLmlN8k,muUL8kOqeyE,y2Zodskd13I,OPoqBIEvoj0,QBKR12mIdso,aB2wvo7PEq4,kd-ABokZCkA,Q_eXhFMjBgA,cvY4ZLAe07E,eFmpqhvedt8,gvO45dfota4,Y2xfYQ5sV8A,Nt240HomM7U,tk0S7JNxnd8,OdU_emI6KrE,U69q07-7IgA,R8LiwncUVnM,T2fxrJ6ZmfY,t9rgimw2f6Q,_h5DdzUtrXk,ZYW2lWLpLuo,Ey_vGhau7ho,Y5tYxXd4kus,VTM0sa_loyY,moIuur9GUws,WIFyVPaL_kU,V9YUfEyL0aI,zPlsnWq5X50,pLlOkqBoZK4,MlPAmRN-uwg,gvocDKs_Sno,z_lgjFAxP6c,W1cz1L5zDvM,IYLcZooMLbQ,n_DtpY9wbGg,ZyHm55m7t-4,_ZMMlr6vWm8,9GRueeQXL9w,r1mhvegC6is,YXXlSG-du7c,hF6X2ap_6Q8,etV_nxVU6l8,oW-ayP9BbHs,_snnKw-EywM,DK0xCH--t8k"
UC0C-w0YjGpqDXGB8IHb662A,Ed Sheeran,30847079439,53800000,448,UU0C-w0YjGpqDXGB8IHb662A,"ZqiF_UtH6fw,YAMI-bwcQ2g,uDaUlP2x2Jk,218WUXMDMOM,RM3QEtBcsLA,-S6w30V_lt8,2Ch63xHNNd8,lsJJ6MR-6cE,LnCXn-Vt_Q4,jlEOaFspXrw,M1Ap5bsGccs,pm-gqrr9WRw,f3dPTcwW4KA,VzqqkDh_RMg,JpG0YhFFNCQ,MZHrh81taaI,acpGdjgXicg,LzCasn0umwE,3sOCGBaA5xs,90f8GsGlvx4,o3FNoZUdenc,23qxN0bv4sE,eCEsy1wQkBM,GyQcK5DlbgQ,aWYkWoYzzTQ,cQB5yskD1Gg,wUx3s8NMLcc,mo5361CqFGs,jhamyN8TXbY,QF8wKLXyjcA,eLfIS2FkWU4,KsHZqgp8X8A,enZQT7jgZaU,C54UkMr3Buk,OJ_0hACuwfg,NpmQBfxtNyc,F9F7yBREpSo,BRxVbJmlTSo,6Ab4ipca54w,0kGHRnOGVoE,0r00LHcejX0,ZRGuU45mfsU,fQ3X309p04c,1UAdl_lyTSA,XKr46KMgLGQ,CIc8fHhO5O0,m9JM-a5AH54,1btffD7DYVQ,e_irHEmAkgw,ebME9ilsuIE"
